path,env,label,pred
dataset/HTP/00/00/00_00_00_0000.jpg,00,00,01
dataset/HTP/00/00/00_00_00_0001.jpg,00,00,01
dataset/HTP/00/00/00_00_00_0002.jpg,00,00,01
dataset/HTP/00/00/00_00_00_0003.jpg,00,00,01
dataset/HTP/00/00/00_00_00_0004.png,00,00,01
dataset/HTP/00/00/00_00_00_0005.png,00,00,01
dataset/HTP/00/00/00_00_00_0006.png,00,00,01
dataset/HTP/00/00/00_00_00_0007.png,00,00,01
dataset/HTP/00/00/00_00_00_0008.png,00,00,01
dataset/HTP/00/00/00_00_00_0009.png,00,00,01
dataset/HTP/00/00/00_00_00_0010.png,00,00,01
dataset/HTP/00/00/00_00_00_0011.png,00,00,01
dataset/HTP/00/00/00_00_00_0012.png,00,00,01
dataset/HTP/00/00/00_00_00_0013.jpg,00,00,01
dataset/HTP/00/00/00_00_00_0014.png,00,00,01
dataset/HTP/00/00/00_00_00_0015.png,00,00,01
dataset/HTP/00/00/00_00_00_0016.png,00,00,01
dataset/HTP/00/00/00_00_00_0017.png,00,00,01
dataset/HTP/00/00/00_00_00_0018.png,00,00,01
dataset/HTP/00/00/00_00_00_0019.png,00,00,01
dataset/HTP/00/00/00_00_00_0020.png,00,00,01
dataset/HTP/00/00/00_00_00_0021.png,00,00,01
dataset/HTP/00/00/00_00_00_0022.png,00,00,01
dataset/HTP/00/00/00_00_00_0023.png,00,00,01
dataset/HTP/00/00/00_00_00_0024.png,00,00,01
dataset/HTP/00/00/00_00_00_0025.png,00,00,01
dataset/HTP/00/00/00_00_00_0026.png,00,00,01
dataset/HTP/00/00/00_00_00_0027.png,00,00,01
dataset/HTP/00/00/00_00_00_0028.jpg,00,00,01
dataset/HTP/00/00/00_00_00_0029.jpg,00,00,01
dataset/HTP/00/00/00_00_00_0030.jpg,00,00,01
dataset/HTP/00/00/00_00_00_0031.jpg,00,00,01
dataset/HTP/00/00/00_00_00_0032.jpg,00,00,01
dataset/HTP/00/00/00_00_00_0033.jpg,00,00,01
dataset/HTP/00/00/00_00_00_0034.jpg,00,00,01
dataset/HTP/00/00/00_00_00_0035.jpg,00,00,01
dataset/HTP/00/00/00_00_00_0036.jpg,00,00,01
dataset/HTP/00/00/00_00_00_0037.jpg,00,00,01
dataset/HTP/00/00/00_00_00_0038.jpg,00,00,01
dataset/HTP/00/00/00_00_00_0039.jpg,00,00,01
dataset/HTP/00/00/00_00_00_0040.jpg,00,00,01
dataset/HTP/00/00/00_00_00_0041.jpg,00,00,01
dataset/HTP/00/00/00_00_00_0042.jpg,00,00,01
dataset/HTP/00/00/00_00_00_0043.jpg,00,00,01
dataset/HTP/00/00/00_00_00_0044.jpg,00,00,01
dataset/HTP/00/00/00_00_00_0045.jpg,00,00,01
dataset/HTP/00/00/00_00_00_0046.jpg,00,00,01
dataset/HTP/00/00/00_00_00_0047.jpg,00,00,01
dataset/HTP/00/00/00_00_00_0048.jpg,00,00,01
dataset/HTP/00/00/00_00_00_0049.jpg,00,00,01
dataset/HTP/00/00/00_00_00_0050.jpg,00,00,01
dataset/HTP/00/00/00_00_00_0051.jpg,00,00,01
dataset/HTP/00/00/00_00_00_0052.jpg,00,00,01
dataset/HTP/00/00/00_00_00_0053.jpg,00,00,01
dataset/HTP/00/00/00_00_00_0054.jpg,00,00,01
dataset/HTP/00/00/00_00_00_0055.jpg,00,00,01
dataset/HTP/00/00/00_00_00_0056.png,00,00,01
dataset/HTP/00/00/00_00_00_0057.png,00,00,01
dataset/HTP/00/00/00_00_00_0058.png,00,00,01
dataset/HTP/00/00/00_00_00_0059.jpg,00,00,01
dataset/HTP/00/00/00_00_00_0060.jpg,00,00,01
dataset/HTP/00/00/00_00_00_0061.jpg,00,00,01
dataset/HTP/00/00/00_00_00_0062.jpg,00,00,01
dataset/HTP/00/00/00_00_00_0063.jpg,00,00,01
dataset/HTP/00/00/00_00_00_0064.jpg,00,00,01
dataset/HTP/00/00/00_00_00_0065.jpg,00,00,01
dataset/HTP/00/00/00_00_00_0066.jpg,00,00,01
dataset/HTP/00/00/00_00_00_0067.jpg,00,00,01
dataset/HTP/00/00/00_00_00_0068.jpg,00,00,01
dataset/HTP/00/00/00_00_00_0069.jpg,00,00,01
dataset/HTP/00/00/00_00_00_0070.jpg,00,00,01
dataset/HTP/00/00/00_00_00_0071.jpg,00,00,01
dataset/HTP/00/00/00_00_00_0072.jpg,00,00,01
dataset/HTP/00/00/00_00_00_0073.jpg,00,00,01
dataset/HTP/00/00/00_00_00_0074.jpg,00,00,01
dataset/HTP/00/00/00_00_00_0075.jpg,00,00,01
dataset/HTP/00/00/00_00_00_0076.jpg,00,00,01
dataset/HTP/00/00/00_00_00_0077.jpg,00,00,01
dataset/HTP/00/00/00_00_00_0078.jpg,00,00,01
dataset/HTP/00/00/00_00_00_0079.jpg,00,00,01
dataset/HTP/00/00/00_00_00_0080.jpg,00,00,01
dataset/HTP/00/00/00_00_00_0081.jpg,00,00,01
dataset/HTP/00/00/00_00_00_0082.jpg,00,00,01
dataset/HTP/00/00/00_00_00_0083.jpg,00,00,01
dataset/HTP/00/00/00_00_00_0084.jpg,00,00,01
dataset/HTP/00/00/00_00_00_0085.jpg,00,00,01
dataset/HTP/00/00/00_00_00_0086.jpg,00,00,01
dataset/HTP/00/00/00_00_00_0087.jpg,00,00,01
dataset/HTP/00/00/00_00_00_0088.jpg,00,00,01
dataset/HTP/00/00/00_00_00_0089.jpg,00,00,01
dataset/HTP/00/00/00_00_00_0090.jpg,00,00,01
dataset/HTP/00/00/00_00_00_0091.jpg,00,00,01
dataset/HTP/00/00/00_00_00_0092.jpg,00,00,01
dataset/HTP/00/00/00_00_00_0093.jpg,00,00,01
dataset/HTP/00/00/00_00_00_0094.jpg,00,00,01
dataset/HTP/00/00/00_00_02_0000.png,00,00,01
dataset/HTP/00/00/00_00_02_0001.png,00,00,01
dataset/HTP/00/00/00_00_02_0002.png,00,00,01
dataset/HTP/00/00/00_00_02_0003.png,00,00,01
dataset/HTP/00/00/00_00_02_0004.png,00,00,01
dataset/HTP/00/00/00_00_02_0005.png,00,00,01
dataset/HTP/00/00/00_00_02_0006.png,00,00,01
dataset/HTP/00/00/00_00_02_0007.png,00,00,01
dataset/HTP/00/00/00_00_02_0008.png,00,00,01
dataset/HTP/00/00/00_00_02_0009.png,00,00,01
dataset/HTP/00/00/00_00_02_0010.png,00,00,01
dataset/HTP/00/00/00_00_02_0011.png,00,00,01
dataset/HTP/00/00/00_00_02_0012.png,00,00,01
dataset/HTP/00/00/00_00_02_0013.png,00,00,01
dataset/HTP/00/00/00_00_02_0014.png,00,00,01
dataset/HTP/00/00/00_00_02_0015.png,00,00,01
dataset/HTP/00/00/00_00_02_0016.png,00,00,01
dataset/HTP/00/00/00_00_02_0017.png,00,00,01
dataset/HTP/00/00/00_00_02_0018.png,00,00,01
dataset/HTP/00/00/00_00_02_0019.png,00,00,01
dataset/HTP/00/00/00_00_02_0020.png,00,00,01
dataset/HTP/00/00/00_00_02_0021.png,00,00,01
dataset/HTP/00/00/00_00_02_0022.png,00,00,01
dataset/HTP/00/00/00_00_02_0023.png,00,00,01
dataset/HTP/00/00/00_00_02_0024.png,00,00,01
dataset/HTP/00/00/00_00_02_0025.png,00,00,01
dataset/HTP/00/00/00_00_02_0026.png,00,00,01
dataset/HTP/00/00/00_00_02_0027.png,00,00,01
dataset/HTP/00/00/00_00_02_0028.png,00,00,01
dataset/HTP/00/00/00_00_02_0029.png,00,00,01
dataset/HTP/00/00/00_00_02_0030.png,00,00,01
dataset/HTP/00/00/00_00_02_0031.png,00,00,01
dataset/HTP/00/00/00_00_02_0032.png,00,00,01
dataset/HTP/00/00/00_00_02_0033.png,00,00,01
dataset/HTP/00/00/00_00_02_0034.png,00,00,01
dataset/HTP/00/00/00_00_02_0035.png,00,00,01
dataset/HTP/00/00/00_00_02_0036.png,00,00,01
dataset/HTP/00/00/00_00_02_0037.png,00,00,01
dataset/HTP/00/00/00_00_02_0038.png,00,00,01
dataset/HTP/00/00/00_00_02_0039.png,00,00,01
dataset/HTP/00/00/00_00_02_0040.png,00,00,01
dataset/HTP/00/00/00_00_02_0041.png,00,00,01
dataset/HTP/00/00/00_00_02_0042.png,00,00,01
dataset/HTP/00/00/00_00_02_0043.png,00,00,01
dataset/HTP/00/00/00_00_02_0044.png,00,00,01
dataset/HTP/00/00/00_00_02_0045.png,00,00,01
dataset/HTP/00/00/00_00_02_0046.png,00,00,01
dataset/HTP/00/00/00_00_02_0047.png,00,00,01
dataset/HTP/00/00/00_00_02_0048.png,00,00,01
dataset/HTP/00/00/00_00_02_0049.png,00,00,01
dataset/HTP/00/00/00_00_02_0050.png,00,00,01
dataset/HTP/00/00/00_00_02_0051.png,00,00,01
dataset/HTP/00/00/00_00_02_0052.png,00,00,01
dataset/HTP/00/00/00_00_02_0053.png,00,00,01
dataset/HTP/00/00/00_00_02_0054.png,00,00,01
dataset/HTP/00/00/00_00_02_0055.png,00,00,01
dataset/HTP/00/00/00_00_02_0056.png,00,00,01
dataset/HTP/00/00/00_00_02_0057.png,00,00,01
dataset/HTP/00/00/00_00_02_0058.png,00,00,01
dataset/HTP/00/00/00_00_02_0059.png,00,00,01
dataset/HTP/00/00/00_00_02_0060.png,00,00,01
dataset/HTP/00/00/00_00_02_0061.png,00,00,01
dataset/HTP/00/00/00_00_02_0062.png,00,00,01
dataset/HTP/00/00/00_00_02_0063.png,00,00,01
dataset/HTP/00/00/00_00_02_0064.png,00,00,01
dataset/HTP/00/00/00_00_02_0065.png,00,00,01
dataset/HTP/00/00/00_00_02_0066.png,00,00,01
dataset/HTP/00/00/00_00_02_0067.png,00,00,01
dataset/HTP/00/00/00_00_02_0068.png,00,00,01
dataset/HTP/00/00/00_00_02_0069.png,00,00,01
dataset/HTP/00/00/00_00_02_0070.png,00,00,01
dataset/HTP/00/00/00_00_02_0071.png,00,00,01
dataset/HTP/00/00/00_00_02_0072.png,00,00,01
dataset/HTP/00/00/00_00_02_0073.png,00,00,01
dataset/HTP/00/00/00_00_02_0074.png,00,00,01
dataset/HTP/00/00/00_00_02_0075.png,00,00,01
dataset/HTP/00/00/00_00_02_0076.png,00,00,01
dataset/HTP/00/00/00_00_02_0077.png,00,00,01
dataset/HTP/00/00/00_00_02_0078.png,00,00,01
dataset/HTP/00/00/00_00_02_0079.png,00,00,01
dataset/HTP/00/00/00_00_02_0080.png,00,00,01
dataset/HTP/00/00/00_00_02_0081.png,00,00,01
dataset/HTP/00/00/00_00_02_0082.png,00,00,01
dataset/HTP/00/00/00_00_02_0083.png,00,00,01
dataset/HTP/00/00/00_00_02_0084.png,00,00,01
dataset/HTP/00/00/00_00_02_0085.png,00,00,01
dataset/HTP/00/00/00_00_02_0086.png,00,00,01
dataset/HTP/00/00/00_00_02_0087.png,00,00,01
dataset/HTP/00/00/00_00_02_0088.png,00,00,01
dataset/HTP/00/00/00_00_02_0089.png,00,00,01
dataset/HTP/00/00/00_00_02_0090.png,00,00,01
dataset/HTP/00/00/00_00_02_0091.png,00,00,01
dataset/HTP/00/00/00_00_02_0092.png,00,00,01
dataset/HTP/00/00/00_00_02_0093.png,00,00,01
dataset/HTP/00/00/00_00_02_0094.png,00,00,01
dataset/HTP/00/00/00_00_02_0095.png,00,00,01
dataset/HTP/00/00/00_00_02_0096.png,00,00,01
dataset/HTP/00/00/00_00_02_0097.png,00,00,01
dataset/HTP/00/00/00_00_02_0098.png,00,00,01
dataset/HTP/00/00/00_00_02_0099.png,00,00,01
dataset/HTP/00/00/00_00_02_0100.png,00,00,01
dataset/HTP/00/00/00_00_02_0101.png,00,00,01
dataset/HTP/00/00/00_00_02_0102.png,00,00,01
dataset/HTP/00/00/00_00_02_0103.png,00,00,01
dataset/HTP/00/00/00_00_02_0104.png,00,00,01
dataset/HTP/00/00/00_00_02_0105.png,00,00,01
dataset/HTP/00/00/00_00_02_0106.png,00,00,01
dataset/HTP/00/00/00_00_02_0107.png,00,00,01
dataset/HTP/00/00/00_00_02_0108.png,00,00,01
dataset/HTP/00/00/00_00_02_0109.png,00,00,01
dataset/HTP/00/00/00_00_02_0110.png,00,00,01
dataset/HTP/00/00/00_00_02_0111.png,00,00,01
dataset/HTP/00/00/00_00_02_0112.png,00,00,01
dataset/HTP/00/00/00_00_02_0113.png,00,00,01
dataset/HTP/00/00/00_00_02_0114.png,00,00,01
dataset/HTP/00/00/00_00_02_0115.png,00,00,01
dataset/HTP/00/01/00_01_00_0000.png,00,01,01
dataset/HTP/00/01/00_01_00_0001.png,00,01,01
dataset/HTP/00/01/00_01_00_0002.png,00,01,01
dataset/HTP/00/01/00_01_00_0003.png,00,01,01
dataset/HTP/00/01/00_01_00_0004.png,00,01,01
dataset/HTP/00/01/00_01_00_0005.png,00,01,01
dataset/HTP/00/01/00_01_00_0006.png,00,01,01
dataset/HTP/00/01/00_01_00_0007.jpg,00,01,01
dataset/HTP/00/01/00_01_00_0008.jpg,00,01,01
dataset/HTP/00/01/00_01_00_0009.jpg,00,01,01
dataset/HTP/00/01/00_01_00_0010.jpg,00,01,01
dataset/HTP/00/01/00_01_00_0011.jpg,00,01,01
dataset/HTP/00/01/00_01_00_0012.jpg,00,01,01
dataset/HTP/00/01/00_01_00_0013.jpg,00,01,01
dataset/HTP/00/01/00_01_00_0014.jpg,00,01,01
dataset/HTP/00/01/00_01_00_0015.jpg,00,01,01
dataset/HTP/00/01/00_01_00_0016.jpg,00,01,01
dataset/HTP/00/01/00_01_00_0017.jpg,00,01,01
dataset/HTP/00/01/00_01_00_0018.jpg,00,01,01
dataset/HTP/00/01/00_01_00_0019.jpg,00,01,01
dataset/HTP/00/01/00_01_00_0020.jpg,00,01,01
dataset/HTP/00/01/00_01_00_0021.jpg,00,01,01
dataset/HTP/00/01/00_01_00_0022.jpg,00,01,01
dataset/HTP/00/01/00_01_00_0023.jpg,00,01,01
dataset/HTP/00/01/00_01_00_0024.jpg,00,01,01
dataset/HTP/00/01/00_01_00_0025.jpg,00,01,01
dataset/HTP/00/01/00_01_00_0026.jpg,00,01,01
dataset/HTP/00/01/00_01_00_0027.jpg,00,01,01
dataset/HTP/00/01/00_01_00_0028.jpg,00,01,01
dataset/HTP/00/01/00_01_00_0029.jpg,00,01,01
dataset/HTP/00/01/00_01_00_0030.jpg,00,01,01
dataset/HTP/00/01/00_01_00_0031.jpg,00,01,01
dataset/HTP/00/01/00_01_00_0032.jpg,00,01,01
dataset/HTP/00/01/00_01_00_0033.jpg,00,01,01
dataset/HTP/00/01/00_01_00_0034.jpg,00,01,01
dataset/HTP/00/01/00_01_00_0035.jpg,00,01,01
dataset/HTP/00/01/00_01_00_0036.jpg,00,01,01
dataset/HTP/00/01/00_01_00_0037.jpg,00,01,01
dataset/HTP/00/01/00_01_00_0038.jpg,00,01,01
dataset/HTP/00/01/00_01_00_0039.jpg,00,01,01
dataset/HTP/00/01/00_01_00_0040.jpg,00,01,01
dataset/HTP/00/01/00_01_00_0041.jpg,00,01,01
dataset/HTP/00/01/00_01_00_0042.jpg,00,01,01
dataset/HTP/00/01/00_01_02_0000.png,00,01,01
dataset/HTP/00/01/00_01_02_0001.png,00,01,01
dataset/HTP/00/01/00_01_02_0002.png,00,01,01
dataset/HTP/00/01/00_01_02_0003.png,00,01,01
dataset/HTP/00/01/00_01_02_0004.png,00,01,01
dataset/HTP/00/01/00_01_02_0005.png,00,01,01
dataset/HTP/00/01/00_01_02_0006.png,00,01,01
dataset/HTP/00/01/00_01_02_0007.png,00,01,01
dataset/HTP/00/01/00_01_02_0008.png,00,01,01
dataset/HTP/00/01/00_01_02_0009.png,00,01,01
dataset/HTP/00/01/00_01_02_0010.png,00,01,01
dataset/HTP/00/01/00_01_02_0011.png,00,01,01
dataset/HTP/00/01/00_01_02_0012.png,00,01,00
dataset/HTP/00/01/00_01_02_0013.png,00,01,01
dataset/HTP/00/01/00_01_02_0014.png,00,01,01
dataset/HTP/00/01/00_01_02_0015.png,00,01,01
dataset/HTP/00/01/00_01_02_0016.png,00,01,01
dataset/HTP/00/01/00_01_02_0017.png,00,01,01
dataset/HTP/00/01/00_01_02_0018.png,00,01,01
dataset/HTP/00/01/00_01_02_0019.png,00,01,01
dataset/HTP/00/01/00_01_02_0020.png,00,01,01
dataset/HTP/00/01/00_01_02_0021.png,00,01,01
dataset/HTP/00/01/00_01_02_0022.png,00,01,01
dataset/HTP/00/01/00_01_02_0023.png,00,01,01
dataset/HTP/00/01/00_01_02_0024.png,00,01,01
dataset/HTP/00/01/00_01_02_0025.png,00,01,01
dataset/HTP/00/01/00_01_02_0026.png,00,01,01
dataset/HTP/00/01/00_01_02_0027.png,00,01,01
dataset/HTP/00/01/00_01_02_0028.png,00,01,01
dataset/HTP/00/01/00_01_02_0029.png,00,01,01
dataset/HTP/00/01/00_01_02_0030.png,00,01,01
dataset/HTP/00/01/00_01_02_0031.png,00,01,01
dataset/HTP/00/01/00_01_02_0032.png,00,01,01
dataset/HTP/00/01/00_01_02_0033.png,00,01,01
dataset/HTP/00/01/00_01_02_0034.png,00,01,01
dataset/HTP/00/01/00_01_02_0035.png,00,01,01
dataset/HTP/00/01/00_01_02_0036.png,00,01,01
dataset/HTP/00/01/00_01_02_0037.png,00,01,01
dataset/HTP/00/01/00_01_02_0038.png,00,01,01
dataset/HTP/00/01/00_01_02_0039.png,00,01,01
dataset/HTP/00/01/00_01_02_0040.png,00,01,01
dataset/HTP/00/01/00_01_02_0041.png,00,01,01
dataset/HTP/00/01/00_01_02_0042.png,00,01,01
dataset/HTP/00/01/00_01_02_0043.png,00,01,01
dataset/HTP/00/01/00_01_02_0044.png,00,01,01
dataset/HTP/00/01/00_01_02_0045.png,00,01,01
dataset/HTP/00/01/00_01_02_0046.png,00,01,01
dataset/HTP/00/01/00_01_02_0047.png,00,01,01
dataset/HTP/00/01/00_01_02_0048.png,00,01,01
dataset/HTP/00/01/00_01_02_0049.png,00,01,01
dataset/HTP/00/01/00_01_02_0050.png,00,01,01
dataset/HTP/00/01/00_01_02_0051.png,00,01,01
dataset/HTP/00/01/00_01_02_0052.png,00,01,01
dataset/HTP/00/01/00_01_02_0053.png,00,01,01
dataset/HTP/00/01/00_01_02_0054.png,00,01,01
dataset/HTP/00/01/00_01_02_0055.png,00,01,01
dataset/HTP/00/01/00_01_02_0056.png,00,01,01
dataset/HTP/00/01/00_01_02_0057.png,00,01,01
dataset/HTP/00/01/00_01_02_0058.png,00,01,01
dataset/HTP/00/01/00_01_02_0059.png,00,01,01
dataset/HTP/00/01/00_01_02_0060.png,00,01,01
dataset/HTP/00/01/00_01_02_0061.png,00,01,01
dataset/HTP/00/01/00_01_02_0062.png,00,01,01
dataset/HTP/00/01/00_01_02_0063.png,00,01,01
dataset/HTP/00/01/00_01_02_0064.png,00,01,01
dataset/HTP/00/01/00_01_02_0065.png,00,01,01
dataset/HTP/00/01/00_01_02_0066.png,00,01,01
dataset/HTP/00/01/00_01_02_0067.png,00,01,01
dataset/HTP/00/01/00_01_02_0068.png,00,01,01
dataset/HTP/00/01/00_01_02_0069.png,00,01,01
dataset/HTP/00/01/00_01_02_0070.png,00,01,01
dataset/HTP/00/01/00_01_02_0071.png,00,01,01
dataset/HTP/00/01/00_01_02_0072.png,00,01,01
dataset/HTP/00/01/00_01_02_0073.png,00,01,01
dataset/HTP/00/01/00_01_02_0074.png,00,01,01
dataset/HTP/00/01/00_01_02_0075.png,00,01,01
dataset/HTP/00/01/00_01_02_0076.png,00,01,01
dataset/HTP/00/01/00_01_02_0077.png,00,01,01
dataset/HTP/00/01/00_01_02_0078.png,00,01,01
dataset/HTP/00/01/00_01_02_0079.png,00,01,01
dataset/HTP/00/01/00_01_02_0080.png,00,01,01
dataset/HTP/00/01/00_01_02_0081.png,00,01,01
dataset/HTP/00/01/00_01_02_0082.png,00,01,01
dataset/HTP/00/01/00_01_02_0083.png,00,01,01
dataset/HTP/00/01/00_01_02_0084.png,00,01,01
dataset/HTP/00/01/00_01_02_0085.png,00,01,01
dataset/HTP/00/01/00_01_02_0086.png,00,01,01
dataset/HTP/00/01/00_01_02_0087.png,00,01,01
dataset/HTP/00/01/00_01_02_0088.png,00,01,01
dataset/HTP/00/01/00_01_02_0089.png,00,01,01
dataset/HTP/00/01/00_01_02_0090.png,00,01,01
dataset/HTP/00/01/00_01_02_0091.png,00,01,01
dataset/HTP/00/01/00_01_02_0092.png,00,01,01
dataset/HTP/00/01/00_01_02_0093.png,00,01,01
dataset/HTP/00/01/00_01_02_0094.png,00,01,01
dataset/HTP/00/01/00_01_02_0095.png,00,01,01
dataset/HTP/00/01/00_01_02_0096.png,00,01,01
dataset/HTP/00/01/00_01_02_0097.png,00,01,01
dataset/HTP/00/01/00_01_02_0098.png,00,01,01
dataset/HTP/00/01/00_01_02_0099.png,00,01,01
dataset/HTP/00/01/00_01_02_0100.png,00,01,01
dataset/HTP/00/01/00_01_02_0101.png,00,01,01
dataset/HTP/00/01/00_01_02_0102.png,00,01,01
dataset/HTP/00/01/00_01_02_0103.png,00,01,01
dataset/HTP/00/01/00_01_02_0104.png,00,01,01
dataset/HTP/00/01/00_01_02_0105.png,00,01,01
dataset/HTP/00/01/00_01_02_0106.png,00,01,01
dataset/HTP/00/01/00_01_02_0107.png,00,01,01
dataset/HTP/00/01/00_01_02_0108.png,00,01,01
dataset/HTP/00/01/00_01_02_0109.png,00,01,01
dataset/HTP/00/01/00_01_02_0110.png,00,01,01
dataset/HTP/00/01/00_01_02_0111.png,00,01,01
dataset/HTP/00/01/00_01_02_0112.png,00,01,01
dataset/HTP/01/00/01_00_00_0000.jpg,01,00,01
dataset/HTP/01/00/01_00_00_0001.png,01,00,01
dataset/HTP/01/00/01_00_00_0002.png,01,00,01
dataset/HTP/01/00/01_00_00_0003.png,01,00,01
dataset/HTP/01/00/01_00_00_0004.png,01,00,01
dataset/HTP/01/00/01_00_00_0005.png,01,00,01
dataset/HTP/01/00/01_00_00_0006.png,01,00,01
dataset/HTP/01/00/01_00_00_0007.jpg,01,00,01
dataset/HTP/01/00/01_00_00_0008.jpg,01,00,01
dataset/HTP/01/00/01_00_00_0009.jpg,01,00,01
dataset/HTP/01/00/01_00_00_0010.jpg,01,00,01
dataset/HTP/01/00/01_00_00_0011.jpg,01,00,01
dataset/HTP/01/00/01_00_00_0012.jpg,01,00,01
dataset/HTP/01/00/01_00_00_0013.jpg,01,00,01
dataset/HTP/01/00/01_00_01_0000.jpg,01,00,01
dataset/HTP/01/00/01_00_01_0001.jpg,01,00,01
dataset/HTP/01/00/01_00_01_0002.jpg,01,00,01
dataset/HTP/01/00/01_00_01_0003.jpg,01,00,01
dataset/HTP/01/00/01_00_01_0004.jpg,01,00,01
dataset/HTP/01/00/01_00_01_0005.jpg,01,00,01
dataset/HTP/01/00/01_00_01_0006.jpg,01,00,01
dataset/HTP/01/00/01_00_01_0007.jpg,01,00,01
dataset/HTP/01/00/01_00_01_0008.jpg,01,00,01
dataset/HTP/01/00/01_00_01_0009.jpg,01,00,01
dataset/HTP/01/00/01_00_01_0010.jpg,01,00,01
dataset/HTP/01/00/01_00_01_0011.jpg,01,00,01
dataset/HTP/01/00/01_00_01_0012.jpg,01,00,01
dataset/HTP/01/00/01_00_01_0013.jpg,01,00,01
dataset/HTP/01/00/01_00_01_0014.jpg,01,00,01
dataset/HTP/01/00/01_00_01_0015.jpg,01,00,01
dataset/HTP/01/00/01_00_01_0016.jpg,01,00,01
dataset/HTP/01/00/01_00_01_0017.jpg,01,00,01
dataset/HTP/01/00/01_00_01_0018.jpg,01,00,01
dataset/HTP/01/00/01_00_01_0019.jpg,01,00,01
dataset/HTP/01/00/01_00_01_0020.jpg,01,00,01
dataset/HTP/01/00/01_00_01_0021.jpg,01,00,01
dataset/HTP/01/00/01_00_01_0022.jpg,01,00,01
dataset/HTP/01/00/01_00_01_0023.jpg,01,00,01
dataset/HTP/01/00/01_00_01_0024.jpg,01,00,01
dataset/HTP/01/00/01_00_01_0025.jpg,01,00,01
dataset/HTP/01/00/01_00_01_0026.jpg,01,00,01
dataset/HTP/01/00/01_00_01_0027.jpg,01,00,01
dataset/HTP/01/00/01_00_01_0028.jpg,01,00,01
dataset/HTP/01/00/01_00_01_0029.jpg,01,00,01
dataset/HTP/01/00/01_00_01_0030.jpg,01,00,01
dataset/HTP/01/00/01_00_01_0031.jpg,01,00,01
dataset/HTP/01/00/01_00_01_0032.jpg,01,00,01
dataset/HTP/01/00/01_00_01_0033.jpg,01,00,01
dataset/HTP/01/00/01_00_01_0034.jpg,01,00,01
dataset/HTP/01/00/01_00_01_0035.jpg,01,00,01
dataset/HTP/01/00/01_00_01_0036.jpg,01,00,01
dataset/HTP/01/00/01_00_01_0037.jpg,01,00,01
dataset/HTP/01/00/01_00_01_0038.jpg,01,00,01
dataset/HTP/01/00/01_00_01_0039.jpg,01,00,01
dataset/HTP/01/00/01_00_01_0040.jpg,01,00,01
dataset/HTP/01/00/01_00_01_0041.jpg,01,00,01
dataset/HTP/01/00/01_00_01_0042.jpg,01,00,01
dataset/HTP/01/00/01_00_01_0043.jpg,01,00,01
dataset/HTP/01/00/01_00_01_0044.jpg,01,00,01
dataset/HTP/01/00/01_00_01_0045.jpg,01,00,01
dataset/HTP/01/00/01_00_01_0046.jpg,01,00,01
dataset/HTP/01/00/01_00_01_0047.jpg,01,00,01
dataset/HTP/01/00/01_00_01_0048.jpg,01,00,01
dataset/HTP/01/00/01_00_01_0049.jpg,01,00,01
dataset/HTP/01/00/01_00_01_0050.jpg,01,00,01
dataset/HTP/01/00/01_00_01_0051.jpg,01,00,01
dataset/HTP/01/00/01_00_01_0052.jpg,01,00,01
dataset/HTP/01/00/01_00_01_0053.jpg,01,00,01
dataset/HTP/01/00/01_00_01_0054.jpg,01,00,01
dataset/HTP/01/00/01_00_01_0055.jpg,01,00,01
dataset/HTP/01/00/01_00_01_0056.jpg,01,00,01
dataset/HTP/01/00/01_00_01_0057.jpg,01,00,01
dataset/HTP/01/00/01_00_01_0058.jpg,01,00,01
dataset/HTP/01/00/01_00_01_0059.jpg,01,00,01
dataset/HTP/01/00/01_00_01_0060.jpg,01,00,01
dataset/HTP/01/00/01_00_01_0061.jpg,01,00,01
dataset/HTP/01/00/01_00_01_0062.jpg,01,00,01
dataset/HTP/01/00/01_00_01_0063.jpg,01,00,01
dataset/HTP/01/00/01_00_01_0064.jpg,01,00,01
dataset/HTP/01/00/01_00_01_0065.jpg,01,00,01
dataset/HTP/01/00/01_00_01_0066.jpg,01,00,01
dataset/HTP/01/00/01_00_01_0067.jpg,01,00,01
dataset/HTP/01/00/01_00_01_0068.jpg,01,00,01
dataset/HTP/01/00/01_00_01_0069.jpg,01,00,01
dataset/HTP/01/00/01_00_01_0070.jpg,01,00,01
dataset/HTP/01/00/01_00_01_0071.jpg,01,00,01
dataset/HTP/01/00/01_00_01_0072.jpg,01,00,01
dataset/HTP/01/00/01_00_01_0073.jpg,01,00,01
dataset/HTP/01/00/01_00_01_0074.jpg,01,00,01
dataset/HTP/01/00/01_00_01_0075.jpg,01,00,01
dataset/HTP/01/00/01_00_01_0076.jpg,01,00,01
dataset/HTP/01/00/01_00_01_0077.jpg,01,00,01
dataset/HTP/01/00/01_00_01_0078.jpg,01,00,01
dataset/HTP/01/00/01_00_01_0079.jpg,01,00,01
dataset/HTP/01/00/01_00_01_0080.jpg,01,00,01
dataset/HTP/01/00/01_00_01_0081.jpg,01,00,01
dataset/HTP/01/00/01_00_01_0082.jpg,01,00,01
dataset/HTP/01/00/01_00_01_0083.jpg,01,00,01
dataset/HTP/01/00/01_00_01_0084.jpg,01,00,01
dataset/HTP/01/00/01_00_01_0085.jpg,01,00,01
dataset/HTP/01/00/01_00_01_0086.jpg,01,00,01
dataset/HTP/01/00/01_00_01_0087.jpg,01,00,01
dataset/HTP/01/00/01_00_01_0088.jpg,01,00,01
dataset/HTP/01/00/01_00_01_0089.jpg,01,00,01
dataset/HTP/01/00/01_00_01_0090.jpg,01,00,01
dataset/HTP/01/00/01_00_01_0091.jpg,01,00,01
dataset/HTP/01/00/01_00_01_0092.jpg,01,00,01
dataset/HTP/01/00/01_00_01_0093.jpg,01,00,01
dataset/HTP/01/00/01_00_01_0094.jpg,01,00,01
dataset/HTP/01/00/01_00_01_0095.jpg,01,00,01
dataset/HTP/01/00/01_00_01_0096.jpg,01,00,01
dataset/HTP/01/00/01_00_01_0097.jpg,01,00,01
dataset/HTP/01/00/01_00_01_0098.jpg,01,00,01
dataset/HTP/01/00/01_00_01_0099.jpg,01,00,01
dataset/HTP/01/00/01_00_01_0100.jpg,01,00,01
dataset/HTP/01/00/01_00_01_0101.jpg,01,00,01
dataset/HTP/01/00/01_00_01_0102.jpg,01,00,01
dataset/HTP/01/00/01_00_01_0103.jpg,01,00,01
dataset/HTP/01/00/01_00_01_0104.jpg,01,00,01
dataset/HTP/01/00/01_00_01_0105.jpg,01,00,01
dataset/HTP/01/00/01_00_01_0106.jpg,01,00,01
dataset/HTP/01/00/01_00_01_0107.jpg,01,00,01
dataset/HTP/01/00/01_00_01_0108.jpg,01,00,01
dataset/HTP/01/00/01_00_01_0109.jpg,01,00,01
dataset/HTP/01/00/01_00_01_0110.jpg,01,00,01
dataset/HTP/01/00/01_00_01_0111.jpg,01,00,01
dataset/HTP/01/00/01_00_01_0112.jpg,01,00,01
dataset/HTP/01/00/01_00_01_0113.jpg,01,00,01
dataset/HTP/01/00/01_00_01_0114.jpg,01,00,01
dataset/HTP/01/00/01_00_01_0115.jpg,01,00,01
dataset/HTP/01/00/01_00_01_0116.jpg,01,00,01
dataset/HTP/01/00/01_00_01_0117.jpg,01,00,01
dataset/HTP/01/00/01_00_01_0118.jpg,01,00,01
dataset/HTP/01/00/01_00_01_0119.jpg,01,00,01
dataset/HTP/01/00/01_00_01_0120.jpg,01,00,01
dataset/HTP/01/00/01_00_01_0121.jpg,01,00,01
dataset/HTP/01/00/01_00_01_0122.jpg,01,00,01
dataset/HTP/01/00/01_00_01_0123.jpg,01,00,01
dataset/HTP/01/00/01_00_01_0124.jpg,01,00,01
dataset/HTP/01/00/01_00_01_0125.jpg,01,00,01
dataset/HTP/01/00/01_00_01_0126.jpg,01,00,01
dataset/HTP/01/00/01_00_01_0127.jpg,01,00,01
dataset/HTP/01/00/01_00_01_0128.jpg,01,00,01
dataset/HTP/01/00/01_00_01_0129.jpg,01,00,01
dataset/HTP/01/00/01_00_01_0130.jpg,01,00,01
dataset/HTP/01/00/01_00_01_0131.jpg,01,00,01
dataset/HTP/01/00/01_00_01_0132.jpg,01,00,01
dataset/HTP/01/00/01_00_01_0133.jpg,01,00,01
dataset/HTP/01/00/01_00_01_0134.jpg,01,00,01
dataset/HTP/01/00/01_00_01_0135.jpg,01,00,01
dataset/HTP/01/00/01_00_01_0136.jpg,01,00,01
dataset/HTP/01/00/01_00_01_0137.jpg,01,00,01
dataset/HTP/01/00/01_00_01_0138.jpg,01,00,01
dataset/HTP/01/00/01_00_01_0139.jpg,01,00,01
dataset/HTP/01/00/01_00_01_0140.jpg,01,00,01
dataset/HTP/01/00/01_00_01_0141.jpg,01,00,01
dataset/HTP/01/00/01_00_01_0142.jpg,01,00,01
dataset/HTP/01/00/01_00_01_0143.jpg,01,00,01
dataset/HTP/01/00/01_00_01_0144.jpg,01,00,01
dataset/HTP/01/00/01_00_01_0145.jpg,01,00,01
dataset/HTP/01/00/01_00_01_0146.jpg,01,00,01
dataset/HTP/01/00/01_00_01_0147.jpg,01,00,01
dataset/HTP/01/00/01_00_01_0148.jpg,01,00,01
dataset/HTP/01/00/01_00_01_0149.jpg,01,00,01
dataset/HTP/01/00/01_00_01_0150.jpg,01,00,01
dataset/HTP/01/00/01_00_01_0151.jpg,01,00,00
dataset/HTP/01/00/01_00_01_0152.jpg,01,00,01
dataset/HTP/01/00/01_00_01_0153.jpg,01,00,01
dataset/HTP/01/00/01_00_01_0154.jpg,01,00,01
dataset/HTP/01/00/01_00_01_0155.jpg,01,00,01
dataset/HTP/01/00/01_00_01_0156.jpg,01,00,01
dataset/HTP/01/00/01_00_01_0157.jpg,01,00,01
dataset/HTP/01/00/01_00_01_0158.jpg,01,00,01
dataset/HTP/01/00/01_00_01_0159.jpg,01,00,01
dataset/HTP/01/00/01_00_01_0160.jpg,01,00,01
dataset/HTP/01/00/01_00_01_0161.jpg,01,00,01
dataset/HTP/01/00/01_00_01_0162.jpg,01,00,01
dataset/HTP/01/00/01_00_01_0163.jpg,01,00,01
dataset/HTP/01/00/01_00_01_0164.jpg,01,00,01
dataset/HTP/01/00/01_00_01_0165.jpg,01,00,01
dataset/HTP/01/00/01_00_01_0166.jpg,01,00,01
dataset/HTP/01/00/01_00_01_0167.jpg,01,00,01
dataset/HTP/01/00/01_00_01_0168.jpg,01,00,01
dataset/HTP/01/00/01_00_01_0169.jpg,01,00,01
dataset/HTP/01/00/01_00_01_0170.jpg,01,00,01
dataset/HTP/01/00/01_00_01_0171.jpg,01,00,01
dataset/HTP/01/00/01_00_01_0172.jpg,01,00,01
dataset/HTP/01/00/01_00_01_0173.jpg,01,00,01
dataset/HTP/01/00/01_00_01_0174.jpg,01,00,01
dataset/HTP/01/00/01_00_01_0175.jpg,01,00,01
dataset/HTP/01/00/01_00_01_0176.jpg,01,00,01
dataset/HTP/01/00/01_00_01_0177.jpg,01,00,01
dataset/HTP/01/00/01_00_01_0178.jpg,01,00,01
dataset/HTP/01/00/01_00_01_0179.jpg,01,00,01
dataset/HTP/01/00/01_00_01_0180.jpg,01,00,01
dataset/HTP/01/00/01_00_01_0181.jpg,01,00,01
dataset/HTP/01/00/01_00_01_0182.jpg,01,00,01
dataset/HTP/01/00/01_00_01_0183.jpg,01,00,01
dataset/HTP/01/00/01_00_01_0184.jpg,01,00,01
dataset/HTP/01/00/01_00_01_0185.jpg,01,00,01
dataset/HTP/01/00/01_00_01_0186.jpg,01,00,01
dataset/HTP/01/00/01_00_01_0187.jpg,01,00,01
dataset/HTP/01/00/01_00_01_0188.jpg,01,00,01
dataset/HTP/01/00/01_00_01_0189.jpg,01,00,01
dataset/HTP/01/00/01_00_01_0190.jpg,01,00,01
dataset/HTP/01/00/01_00_01_0191.jpg,01,00,01
dataset/HTP/01/00/01_00_01_0192.jpg,01,00,01
dataset/HTP/01/00/01_00_01_0193.jpg,01,00,01
dataset/HTP/01/00/01_00_01_0194.jpg,01,00,01
dataset/HTP/01/00/01_00_01_0195.jpg,01,00,01
dataset/HTP/01/00/01_00_01_0196.jpg,01,00,01
dataset/HTP/01/00/01_00_01_0197.jpg,01,00,01
dataset/HTP/01/00/01_00_01_0198.jpg,01,00,01
dataset/HTP/01/00/01_00_01_0199.jpg,01,00,01
dataset/HTP/01/00/01_00_01_0200.jpg,01,00,01
dataset/HTP/01/00/01_00_01_0201.jpg,01,00,01
dataset/HTP/01/00/01_00_01_0202.jpg,01,00,01
dataset/HTP/01/00/01_00_01_0203.jpg,01,00,01
dataset/HTP/01/00/01_00_01_0204.jpg,01,00,01
dataset/HTP/01/00/01_00_01_0205.jpg,01,00,01
dataset/HTP/01/00/01_00_01_0206.jpg,01,00,01
dataset/HTP/01/00/01_00_01_0207.jpg,01,00,01
dataset/HTP/01/00/01_00_01_0208.jpg,01,00,01
dataset/HTP/01/00/01_00_01_0209.jpg,01,00,01
dataset/HTP/01/00/01_00_01_0210.jpg,01,00,01
dataset/HTP/01/00/01_00_01_0211.jpg,01,00,01
dataset/HTP/01/00/01_00_01_0212.jpg,01,00,01
dataset/HTP/01/00/01_00_01_0213.jpg,01,00,01
dataset/HTP/01/00/01_00_01_0214.jpg,01,00,01
dataset/HTP/01/00/01_00_01_0215.jpg,01,00,01
dataset/HTP/01/00/01_00_01_0216.jpg,01,00,01
dataset/HTP/01/00/01_00_01_0217.jpg,01,00,01
dataset/HTP/01/00/01_00_01_0218.jpg,01,00,01
dataset/HTP/01/00/01_00_01_0219.jpg,01,00,01
dataset/HTP/01/00/01_00_01_0220.jpg,01,00,01
dataset/HTP/01/00/01_00_01_0221.jpg,01,00,01
dataset/HTP/01/00/01_00_01_0222.jpg,01,00,01
dataset/HTP/01/00/01_00_01_0223.jpg,01,00,01
dataset/HTP/01/00/01_00_01_0224.jpg,01,00,01
dataset/HTP/01/00/01_00_01_0225.jpg,01,00,01
dataset/HTP/01/00/01_00_01_0226.jpg,01,00,01
dataset/HTP/01/00/01_00_01_0227.jpg,01,00,01
dataset/HTP/01/00/01_00_01_0228.jpg,01,00,01
dataset/HTP/01/00/01_00_01_0229.jpg,01,00,01
dataset/HTP/01/00/01_00_01_0230.jpg,01,00,01
dataset/HTP/01/00/01_00_01_0231.jpg,01,00,01
dataset/HTP/01/00/01_00_01_0232.jpg,01,00,01
dataset/HTP/01/00/01_00_01_0233.jpg,01,00,01
dataset/HTP/01/00/01_00_01_0234.jpg,01,00,01
dataset/HTP/01/00/01_00_01_0235.jpg,01,00,01
dataset/HTP/01/00/01_00_01_0236.jpg,01,00,01
dataset/HTP/01/00/01_00_01_0237.jpg,01,00,01
dataset/HTP/01/00/01_00_01_0238.jpg,01,00,01
dataset/HTP/01/00/01_00_01_0239.jpg,01,00,01
dataset/HTP/01/00/01_00_01_0240.jpg,01,00,01
dataset/HTP/01/00/01_00_01_0241.jpg,01,00,01
dataset/HTP/01/00/01_00_01_0242.jpg,01,00,01
dataset/HTP/01/00/01_00_01_0243.jpg,01,00,01
dataset/HTP/01/00/01_00_01_0244.jpg,01,00,01
dataset/HTP/01/00/01_00_01_0245.jpg,01,00,01
dataset/HTP/01/00/01_00_01_0246.jpg,01,00,01
dataset/HTP/01/00/01_00_01_0247.jpg,01,00,01
dataset/HTP/01/00/01_00_01_0248.jpg,01,00,01
dataset/HTP/01/00/01_00_01_0249.jpg,01,00,01
dataset/HTP/01/01/01_01_00_0000.jpg,01,01,01
dataset/HTP/01/01/01_01_00_0001.png,01,01,01
dataset/HTP/01/01/01_01_00_0002.png,01,01,01
dataset/HTP/01/01/01_01_00_0003.jpg,01,01,01
dataset/HTP/01/01/01_01_00_0004.png,01,01,01
dataset/HTP/01/01/01_01_00_0005.jpg,01,01,01
dataset/HTP/01/01/01_01_00_0006.jpg,01,01,01
dataset/HTP/01/01/01_01_00_0007.jpg,01,01,01
dataset/HTP/01/01/01_01_00_0008.jpg,01,01,01
dataset/HTP/01/01/01_01_01_0000.jpg,01,01,01
dataset/HTP/01/01/01_01_01_0001.jpg,01,01,01
dataset/HTP/01/01/01_01_01_0002.jpg,01,01,01
dataset/HTP/01/01/01_01_01_0021.jpg,01,01,01
dataset/HTP/01/01/01_01_01_0029.jpg,01,01,01
dataset/HTP/01/01/01_01_01_0039.jpg,01,01,01
dataset/HTP/01/01/01_01_01_0049.jpg,01,01,01
dataset/HTP/01/01/01_01_01_0058.jpg,01,01,01
dataset/HTP/01/01/01_01_01_0086.jpg,01,01,01
dataset/HTP/01/01/01_01_01_0095.jpg,01,01,01
dataset/HTP/01/01/01_01_01_0096.jpg,01,01,01
dataset/HTP/01/01/01_01_01_0114.jpg,01,01,01
dataset/HTP/01/01/01_01_01_0125.jpg,01,01,01
dataset/HTP/01/01/01_01_01_0135.jpg,01,01,01
dataset/HTP/01/01/01_01_01_0146.jpg,01,01,01
dataset/HTP/01/01/01_01_01_0157.jpg,01,01,01
dataset/HTP/01/01/01_01_01_0166.jpg,01,01,01
dataset/HTP/01/01/01_01_01_0176.jpg,01,01,01
dataset/HTP/01/01/01_01_01_0195.jpg,01,01,01
dataset/HTP/01/01/01_01_01_0196.jpg,01,01,01
dataset/HTP/01/01/01_01_01_0205.jpg,01,01,01
dataset/HTP/01/01/01_01_01_0216.jpg,01,01,01
dataset/HTP/01/01/01_01_01_0225.jpg,01,01,01
dataset/HTP/01/01/01_01_01_0236.jpg,01,01,01
dataset/HTP/01/01/01_01_01_0245.jpg,01,01,01
dataset/HTP/01/01/01_01_01_0254.jpg,01,01,01
dataset/HTP/01/01/01_01_01_0263.jpg,01,01,01
dataset/HTP/01/01/01_01_01_0272.jpg,01,01,01
dataset/HTP/01/01/01_01_01_0280.jpg,01,01,01
dataset/HTP/01/01/01_01_01_0287.jpg,01,01,01
dataset/HTP/01/01/01_01_01_0288.jpg,01,01,01
dataset/HTP/01/01/01_01_01_0299.jpg,01,01,01
dataset/HTP/01/01/01_01_01_0308.jpg,01,01,01
dataset/HTP/01/01/01_01_01_0319.jpg,01,01,01
dataset/HTP/01/01/01_01_01_0328.jpg,01,01,01
dataset/HTP/01/01/01_01_01_0337.jpg,01,01,01
dataset/HTP/01/01/01_01_01_0346.jpg,01,01,01
dataset/HTP/01/01/01_01_01_0353.jpg,01,01,01
dataset/HTP/01/01/01_01_01_0363.jpg,01,01,01
dataset/HTP/01/01/01_01_01_0373.jpg,01,01,01
dataset/HTP/01/01/01_01_01_0383.jpg,01,01,01
dataset/HTP/01/01/01_01_01_0391.jpg,01,01,01
dataset/HTP/01/01/01_01_01_0400.jpg,01,01,01
dataset/HTP/01/01/01_01_01_0410.jpg,01,01,01
dataset/HTP/01/01/01_01_01_0430.jpg,01,01,01
dataset/HTP/01/01/01_01_01_0441.jpg,01,01,01
dataset/HTP/01/01/01_01_01_0451.jpg,01,01,01
dataset/HTP/01/01/01_01_01_0461.jpg,01,01,01
dataset/HTP/01/01/01_01_01_0472.jpg,01,01,01
dataset/HTP/01/01/01_01_01_0482.jpg,01,01,01
dataset/HTP/01/01/01_01_01_0493.jpg,01,01,01
dataset/HTP/01/01/01_01_01_0511.jpg,01,01,01
dataset/HTP/01/01/01_01_01_0521.jpg,01,01,01
dataset/HTP/01/01/01_01_01_0532.jpg,01,01,01
dataset/HTP/01/01/01_01_01_0551.jpg,01,01,01
dataset/HTP/01/01/01_01_01_0562.jpg,01,01,01
dataset/HTP/01/01/01_01_01_0573.jpg,01,01,01
dataset/HTP/01/01/01_01_01_0583.jpg,01,01,01
dataset/HTP/01/01/01_01_01_0593.jpg,01,01,01
dataset/HTP/01/01/01_01_01_0604.jpg,01,01,01
dataset/HTP/01/01/01_01_01_0613.jpg,01,01,01
dataset/HTP/01/01/01_01_01_0623.jpg,01,01,01
dataset/HTP/01/01/01_01_01_0634.jpg,01,01,01
dataset/HTP/01/01/01_01_01_0645.jpg,01,01,01
dataset/HTP/01/01/01_01_01_0656.jpg,01,01,01
dataset/HTP/01/01/01_01_01_0666.jpg,01,01,01
dataset/HTP/01/01/01_01_01_0675.jpg,01,01,01
dataset/HTP/01/01/01_01_01_0686.jpg,01,01,01
dataset/HTP/01/01/01_01_01_0687.jpg,01,01,01
dataset/HTP/01/01/01_01_01_0695.jpg,01,01,01
dataset/HTP/01/01/01_01_01_0706.jpg,01,01,01
dataset/HTP/01/01/01_01_01_0716.jpg,01,01,01
dataset/HTP/01/01/01_01_01_0724.jpg,01,01,01
dataset/HTP/01/01/01_01_01_0733.jpg,01,01,01
dataset/HTP/01/01/01_01_01_0742.jpg,01,01,01
dataset/HTP/01/01/01_01_01_0752.jpg,01,01,01
dataset/HTP/01/01/01_01_01_0762.jpg,01,01,01
dataset/HTP/01/01/01_01_01_0770.jpg,01,01,01
dataset/HTP/01/01/01_01_01_0781.jpg,01,01,01
dataset/HTP/01/01/01_01_01_0791.jpg,01,01,01
dataset/HTP/01/01/01_01_01_0801.jpg,01,01,01
dataset/HTP/01/01/01_01_01_0810.jpg,01,01,01
dataset/HTP/01/01/01_01_01_0821.jpg,01,01,01
dataset/HTP/01/01/01_01_01_0839.jpg,01,01,01
dataset/HTP/01/01/01_01_01_0849.jpg,01,01,01
dataset/HTP/01/01/01_01_01_0859.jpg,01,01,01
dataset/HTP/01/01/01_01_01_0869.jpg,01,01,01
dataset/HTP/01/01/01_01_01_0879.jpg,01,01,01
dataset/HTP/01/01/01_01_01_0880.jpg,01,01,01
dataset/HTP/01/01/01_01_01_0889.jpg,01,01,01
dataset/HTP/01/01/01_01_01_0916.jpg,01,01,01
dataset/HTP/01/01/01_01_01_0926.jpg,01,01,01
dataset/HTP/01/01/01_01_01_0935.jpg,01,01,01
dataset/HTP/01/01/01_01_01_0946.jpg,01,01,01
dataset/HTP/01/01/01_01_01_0956.jpg,01,01,01
dataset/HTP/01/01/01_01_01_0966.jpg,01,01,01
dataset/HTP/01/01/01_01_01_0976.jpg,01,01,01
dataset/HTP/01/01/01_01_01_0977.jpg,01,01,01
dataset/HTP/01/01/01_01_01_0986.jpg,01,01,01
dataset/HTP/01/01/01_01_01_0997.jpg,01,01,01
dataset/HTP/01/01/01_01_01_1007.jpg,01,01,01
dataset/HTP/01/01/01_01_01_1016.jpg,01,01,01
dataset/HTP/01/01/01_01_01_1023.jpg,01,01,01
dataset/HTP/01/01/01_01_01_1031.jpg,01,01,01
dataset/HTP/01/01/01_01_01_1041.jpg,01,01,01
dataset/HTP/01/01/01_01_01_1067.jpg,01,01,01
dataset/HTP/01/01/01_01_01_1068.jpg,01,01,01
dataset/HTP/01/01/01_01_01_1078.jpg,01,01,01
dataset/HTP/01/01/01_01_01_1088.jpg,01,01,01
dataset/HTP/01/01/01_01_01_1106.jpg,01,01,01
dataset/HTP/01/01/01_01_01_1130.jpg,01,01,01
dataset/HTP/01/01/01_01_01_1140.jpg,01,01,01
dataset/HTP/01/01/01_01_01_1158.jpg,01,01,01
dataset/HTP/01/01/01_01_01_1159.jpg,01,01,01
dataset/HTP/01/01/01_01_01_1169.jpg,01,01,01
dataset/HTP/01/01/01_01_01_1179.jpg,01,01,01
dataset/HTP/01/01/01_01_01_1199.jpg,01,01,01
dataset/HTP/01/01/01_01_01_1208.jpg,01,01,01
dataset/HTP/01/01/01_01_01_1218.jpg,01,01,01
dataset/HTP/01/01/01_01_01_1228.jpg,01,01,01
dataset/HTP/01/01/01_01_01_1257.jpg,01,01,01
dataset/HTP/01/01/01_01_01_1258.jpg,01,01,01
dataset/HTP/01/01/01_01_01_1267.jpg,01,01,01
dataset/HTP/01/01/01_01_01_1278.jpg,01,01,01
dataset/HTP/01/01/01_01_01_1288.jpg,01,01,01
dataset/HTP/01/01/01_01_01_1309.jpg,01,01,01
dataset/HTP/01/01/01_01_01_1320.jpg,01,01,01
dataset/HTP/01/01/01_01_01_1328.jpg,01,01,01
dataset/HTP/01/01/01_01_01_1339.jpg,01,01,01
dataset/HTP/01/01/01_01_01_1347.jpg,01,01,01
dataset/HTP/01/01/01_01_01_1354.jpg,01,01,01
dataset/HTP/01/01/01_01_01_1362.jpg,01,01,01
dataset/HTP/01/01/01_01_01_1372.jpg,01,01,01
dataset/HTP/01/01/01_01_01_1383.jpg,01,01,01
dataset/HTP/01/01/01_01_01_1393.jpg,01,01,01
dataset/HTP/01/01/01_01_01_1404.jpg,01,01,01
dataset/HTP/01/01/01_01_01_1431.jpg,01,01,01
dataset/HTP/01/01/01_01_01_1441.jpg,01,01,01
dataset/HTP/01/01/01_01_01_1450.jpg,01,01,01
dataset/HTP/01/01/01_01_01_1451.jpg,01,01,01
dataset/HTP/01/01/01_01_01_1462.jpg,01,01,01
dataset/HTP/01/01/01_01_01_1472.jpg,01,01,01
dataset/HTP/01/01/01_01_01_1492.jpg,01,01,01
dataset/HTP/01/01/01_01_01_1502.jpg,01,01,01
dataset/HTP/01/01/01_01_01_1512.jpg,01,01,01
dataset/HTP/01/01/01_01_01_1540.jpg,01,01,01
dataset/HTP/01/01/01_01_01_1548.jpg,01,01,01
dataset/HTP/01/01/01_01_01_1549.jpg,01,01,01
dataset/HTP/01/01/01_01_01_1560.jpg,01,01,01
dataset/HTP/01/01/01_01_01_1578.jpg,01,01,01
dataset/HTP/01/01/01_01_01_1589.jpg,01,01,01
dataset/HTP/01/01/01_01_01_1600.jpg,01,01,01
dataset/HTP/01/01/01_01_01_1610.jpg,01,01,01
dataset/HTP/01/01/01_01_01_1620.jpg,01,01,01
dataset/HTP/01/01/01_01_01_1631.jpg,01,01,01
dataset/HTP/01/01/01_01_01_1651.jpg,01,01,01
dataset/HTP/01/01/01_01_01_1652.jpg,01,01,01
dataset/HTP/01/01/01_01_01_1661.jpg,01,01,01
dataset/HTP/01/01/01_01_01_1672.jpg,01,01,01
dataset/HTP/01/01/01_01_01_1680.jpg,01,01,01
dataset/HTP/01/01/01_01_01_1691.jpg,01,01,01
dataset/HTP/01/01/01_01_01_1702.jpg,01,01,01
dataset/HTP/01/01/01_01_01_1713.jpg,01,01,01
dataset/HTP/01/01/01_01_01_1722.jpg,01,01,01
dataset/HTP/01/01/01_01_01_1733.jpg,01,01,01
dataset/HTP/01/01/01_01_01_1744.jpg,01,01,01
dataset/HTP/01/01/01_01_01_1755.jpg,01,01,01
dataset/HTP/01/01/01_01_01_1756.jpg,01,01,01
dataset/HTP/01/01/01_01_01_1766.jpg,01,01,01
dataset/HTP/01/01/01_01_01_1776.jpg,01,01,01
dataset/HTP/01/01/01_01_01_1785.jpg,01,01,01
dataset/HTP/01/01/01_01_01_1795.jpg,01,01,01
dataset/HTP/01/01/01_01_01_1805.jpg,01,01,01
dataset/HTP/01/01/01_01_01_1814.jpg,01,01,01
dataset/HTP/01/01/01_01_01_1825.jpg,01,01,01
dataset/HTP/01/01/01_01_01_1836.jpg,01,01,01
dataset/HTP/01/01/01_01_01_1844.jpg,01,01,01
dataset/HTP/01/01/01_01_01_1853.jpg,01,01,01
dataset/HTP/01/01/01_01_01_1863.jpg,01,01,01
dataset/HTP/01/01/01_01_01_1874.jpg,01,01,01
dataset/HTP/01/01/01_01_01_1885.jpg,01,01,01
dataset/HTP/01/01/01_01_01_1895.jpg,01,01,01
dataset/HTP/01/01/01_01_01_1905.jpg,01,01,01
dataset/HTP/01/01/01_01_01_1914.jpg,01,01,01
dataset/HTP/01/01/01_01_01_1924.jpg,01,01,01
dataset/HTP/01/01/01_01_01_1935.jpg,01,01,01
dataset/HTP/01/01/01_01_01_1945.jpg,01,01,01
dataset/HTP/01/01/01_01_01_1956.jpg,01,01,01
dataset/HTP/01/01/01_01_01_1957.jpg,01,01,01
dataset/HTP/01/01/01_01_01_2047.jpg,01,01,01
dataset/HTP/01/01/01_01_01_2056.jpg,01,01,01
dataset/HTP/01/01/01_01_01_2146.jpg,01,01,01
dataset/HTP/01/01/01_01_01_2250.jpg,01,01,01
dataset/HTP/01/01/01_01_01_2261.jpg,01,01,01
dataset/HTP/01/01/01_01_01_2270.jpg,01,01,01
dataset/HTP/01/01/01_01_01_2288.jpg,01,01,01
dataset/HTP/01/01/01_01_01_2312.jpg,01,01,01
dataset/HTP/01/01/01_01_01_2313.jpg,01,01,01
dataset/HTP/01/01/01_01_01_2323.jpg,01,01,01
dataset/HTP/01/01/01_01_01_2342.jpg,01,01,01
dataset/HTP/01/01/01_01_01_2352.jpg,01,01,01
dataset/HTP/01/01/01_01_01_2372.jpg,01,01,01
dataset/HTP/01/01/01_01_01_2383.jpg,01,01,01
dataset/HTP/01/01/01_01_01_2394.jpg,01,01,01
dataset/HTP/01/01/01_01_01_2404.jpg,01,01,01
dataset/HTP/01/01/01_01_01_2414.jpg,01,01,01
dataset/HTP/01/01/01_01_01_2415.jpg,01,01,01
dataset/HTP/01/01/01_01_01_2425.jpg,01,01,01
dataset/HTP/01/01/01_01_01_2434.jpg,01,01,01
dataset/HTP/01/01/01_01_01_2444.jpg,01,01,01
dataset/HTP/01/01/01_01_01_2461.jpg,01,01,01
dataset/HTP/01/01/01_01_01_2472.jpg,01,01,01
dataset/HTP/01/01/01_01_01_2491.jpg,01,01,01
dataset/HTP/01/01/01_01_01_2499.jpg,01,01,01
dataset/HTP/01/01/01_01_01_2508.jpg,01,01,01
dataset/HTP/01/01/01_01_01_2509.jpg,01,01,01
dataset/HTP/01/01/01_01_01_2517.jpg,01,01,01
dataset/HTP/01/01/01_01_01_2524.jpg,01,01,01
dataset/HTP/01/01/01_01_01_2541.jpg,01,01,01
dataset/HTP/01/01/01_01_01_2550.jpg,01,01,01
dataset/HTP/01/01/01_01_01_2560.jpg,01,01,01
dataset/HTP/01/01/01_01_01_2570.jpg,01,01,01
dataset/HTP/01/01/01_01_01_2580.jpg,01,01,01
dataset/HTP/01/01/01_01_01_2591.jpg,01,01,01
dataset/HTP/01/01/01_01_01_2599.jpg,01,01,01
dataset/HTP/01/01/01_01_01_2607.jpg,01,01,01
dataset/HTP/01/01/01_01_01_2616.jpg,01,01,01
dataset/HTP/01/01/01_01_01_2632.jpg,01,01,01
dataset/HTP/01/01/01_01_01_2642.jpg,01,01,01
dataset/HTP/01/01/01_01_01_2652.jpg,01,01,01
dataset/HTP/01/01/01_01_01_2673.jpg,01,01,01
dataset/HTP/01/01/01_01_01_2683.jpg,01,01,01
dataset/HTP/01/01/01_01_01_2693.jpg,01,01,01
dataset/HTP/01/01/01_01_01_2694.jpg,01,01,01
dataset/HTP/01/01/01_01_01_2704.jpg,01,01,01
dataset/HTP/01/01/01_01_01_2711.jpg,01,01,01
dataset/HTP/01/01/01_01_01_2720.jpg,01,01,01
dataset/HTP/01/01/01_01_01_2735.jpg,01,01,01
dataset/HTP/01/01/01_01_01_2751.jpg,01,01,01
dataset/HTP/01/01/01_01_01_2759.jpg,01,01,01
dataset/HTP/01/01/01_01_01_2768.jpg,01,01,01
dataset/HTP/01/01/01_01_01_2777.jpg,01,01,01
dataset/HTP/01/01/01_01_01_2778.jpg,01,01,01
dataset/HTP/01/01/01_01_01_2789.jpg,01,01,01
dataset/HTP/01/01/01_01_01_2790.jpg,01,01,01
dataset/HTP/01/01/01_01_01_2791.jpg,01,01,01
dataset/HTP/01/01/01_01_01_2792.jpg,01,01,01
dataset/HTP/01/01/01_01_01_2793.jpg,01,01,01
dataset/HTP/01/01/01_01_01_2794.jpg,01,01,01
dataset/HTP/01/01/01_01_01_2795.jpg,01,01,01
dataset/HTP/02/00/02_00_00_0000.jpg,02,00,01
dataset/HTP/02/00/02_00_00_0001.jpg,02,00,01
dataset/HTP/02/00/02_00_00_0002.jpg,02,00,01
dataset/HTP/02/00/02_00_00_0003.jpg,02,00,01
dataset/HTP/02/00/02_00_00_0004.jpg,02,00,01
dataset/HTP/02/00/02_00_00_0005.jpg,02,00,01
dataset/HTP/02/00/02_00_00_0006.jpg,02,00,01
dataset/HTP/02/00/02_00_00_0007.jpg,02,00,01
dataset/HTP/02/00/02_00_00_0008.jpg,02,00,01
dataset/HTP/02/00/02_00_00_0009.jpg,02,00,01
dataset/HTP/02/00/02_00_00_0010.jpg,02,00,01
dataset/HTP/02/00/02_00_00_0011.jpg,02,00,01
dataset/HTP/02/00/02_00_00_0012.jpg,02,00,01
dataset/HTP/02/00/02_00_00_0013.jpg,02,00,01
dataset/HTP/02/00/02_00_00_0014.jpg,02,00,01
dataset/HTP/02/00/02_00_00_0015.jpg,02,00,01
dataset/HTP/02/00/02_00_00_0016.jpg,02,00,01
dataset/HTP/02/00/02_00_00_0017.jpg,02,00,01
dataset/HTP/02/00/02_00_00_0018.jpg,02,00,01
dataset/HTP/02/00/02_00_00_0019.jpg,02,00,01
dataset/HTP/02/00/02_00_00_0020.jpg,02,00,01
dataset/HTP/02/00/02_00_00_0021.jpg,02,00,01
dataset/HTP/02/00/02_00_00_0022.jpg,02,00,01
dataset/HTP/02/00/02_00_00_0023.jpg,02,00,01
dataset/HTP/02/00/02_00_00_0024.jpg,02,00,01
dataset/HTP/02/00/02_00_00_0025.jpg,02,00,01
dataset/HTP/02/00/02_00_00_0026.jpg,02,00,01
dataset/HTP/02/00/02_00_00_0027.jpg,02,00,01
dataset/HTP/02/00/02_00_00_0028.jpg,02,00,01
dataset/HTP/02/00/02_00_00_0029.jpg,02,00,01
dataset/HTP/02/00/02_00_00_0030.jpg,02,00,01
dataset/HTP/02/00/02_00_00_0031.jpg,02,00,01
dataset/HTP/02/00/02_00_00_0032.jpg,02,00,01
dataset/HTP/02/00/02_00_00_0033.png,02,00,01
dataset/HTP/02/00/02_00_00_0034.png,02,00,01
dataset/HTP/02/00/02_00_00_0035.png,02,00,01
dataset/HTP/02/00/02_00_00_0036.png,02,00,01
dataset/HTP/02/00/02_00_00_0037.png,02,00,01
dataset/HTP/02/00/02_00_00_0038.png,02,00,01
dataset/HTP/02/00/02_00_00_0039.png,02,00,01
dataset/HTP/02/00/02_00_00_0040.png,02,00,01
dataset/HTP/02/00/02_00_00_0041.png,02,00,01
dataset/HTP/02/00/02_00_00_0042.png,02,00,01
dataset/HTP/02/00/02_00_00_0043.png,02,00,01
dataset/HTP/02/00/02_00_00_0044.png,02,00,01
dataset/HTP/02/00/02_00_00_0045.png,02,00,01
dataset/HTP/02/00/02_00_00_0046.png,02,00,01
dataset/HTP/02/00/02_00_00_0047.png,02,00,01
dataset/HTP/02/00/02_00_00_0048.png,02,00,01
dataset/HTP/02/00/02_00_00_0049.png,02,00,01
dataset/HTP/02/00/02_00_00_0050.png,02,00,01
dataset/HTP/02/00/02_00_00_0051.png,02,00,01
dataset/HTP/02/00/02_00_00_0052.png,02,00,01
dataset/HTP/02/00/02_00_00_0053.png,02,00,01
dataset/HTP/02/00/02_00_00_0054.png,02,00,01
dataset/HTP/02/00/02_00_00_0055.png,02,00,01
dataset/HTP/02/00/02_00_00_0056.png,02,00,01
dataset/HTP/02/00/02_00_00_0057.jpg,02,00,01
dataset/HTP/02/00/02_00_00_0058.png,02,00,01
dataset/HTP/02/00/02_00_00_0059.png,02,00,01
dataset/HTP/02/00/02_00_00_0060.png,02,00,01
dataset/HTP/02/00/02_00_00_0061.png,02,00,01
dataset/HTP/02/00/02_00_00_0062.png,02,00,01
dataset/HTP/02/00/02_00_00_0063.png,02,00,01
dataset/HTP/02/00/02_00_00_0064.png,02,00,01
dataset/HTP/02/00/02_00_00_0065.png,02,00,01
dataset/HTP/02/00/02_00_00_0066.png,02,00,01
dataset/HTP/02/00/02_00_00_0067.png,02,00,01
dataset/HTP/02/00/02_00_00_0068.png,02,00,01
dataset/HTP/02/00/02_00_00_0069.png,02,00,01
dataset/HTP/02/00/02_00_00_0070.png,02,00,01
dataset/HTP/02/00/02_00_00_0071.png,02,00,01
dataset/HTP/02/00/02_00_00_0072.png,02,00,01
dataset/HTP/02/00/02_00_00_0073.png,02,00,01
dataset/HTP/02/00/02_00_00_0074.png,02,00,01
dataset/HTP/02/00/02_00_00_0075.png,02,00,01
dataset/HTP/02/00/02_00_00_0076.png,02,00,01
dataset/HTP/02/00/02_00_00_0077.png,02,00,01
dataset/HTP/02/00/02_00_00_0078.png,02,00,01
dataset/HTP/02/00/02_00_00_0079.png,02,00,01
dataset/HTP/02/00/02_00_00_0080.png,02,00,01
dataset/HTP/02/00/02_00_00_0081.png,02,00,01
dataset/HTP/02/00/02_00_00_0082.png,02,00,01
dataset/HTP/02/00/02_00_00_0083.png,02,00,01
dataset/HTP/02/00/02_00_00_0084.png,02,00,01
dataset/HTP/02/00/02_00_00_0085.png,02,00,01
dataset/HTP/02/00/02_00_00_0086.png,02,00,01
dataset/HTP/02/00/02_00_00_0087.png,02,00,01
dataset/HTP/02/00/02_00_00_0088.png,02,00,01
dataset/HTP/02/00/02_00_00_0089.png,02,00,01
dataset/HTP/02/00/02_00_00_0090.png,02,00,01
dataset/HTP/02/00/02_00_00_0091.png,02,00,01
dataset/HTP/02/00/02_00_00_0092.png,02,00,01
dataset/HTP/02/00/02_00_00_0093.png,02,00,01
dataset/HTP/02/00/02_00_00_0094.png,02,00,01
dataset/HTP/02/00/02_00_00_0095.jpg,02,00,01
dataset/HTP/02/00/02_00_00_0096.jpg,02,00,01
dataset/HTP/02/00/02_00_00_0097.jpg,02,00,01
dataset/HTP/02/00/02_00_00_0098.jpg,02,00,01
dataset/HTP/02/00/02_00_00_0099.jpg,02,00,01
dataset/HTP/02/00/02_00_00_0100.jpg,02,00,01
dataset/HTP/02/00/02_00_00_0101.jpg,02,00,01
dataset/HTP/02/00/02_00_00_0102.jpg,02,00,01
dataset/HTP/02/00/02_00_00_0103.jpg,02,00,01
dataset/HTP/02/00/02_00_00_0104.jpg,02,00,01
dataset/HTP/02/00/02_00_00_0105.jpg,02,00,01
dataset/HTP/02/00/02_00_00_0106.jpg,02,00,01
dataset/HTP/02/00/02_00_00_0107.jpg,02,00,01
dataset/HTP/02/00/02_00_00_0108.jpg,02,00,01
dataset/HTP/02/00/02_00_00_0109.jpg,02,00,01
dataset/HTP/02/00/02_00_00_0110.jpg,02,00,01
dataset/HTP/02/00/02_00_00_0111.jpg,02,00,01
dataset/HTP/02/00/02_00_00_0112.jpg,02,00,01
dataset/HTP/02/00/02_00_00_0113.jpg,02,00,01
dataset/HTP/02/00/02_00_00_0114.jpg,02,00,01
dataset/HTP/02/00/02_00_00_0115.jpg,02,00,01
dataset/HTP/02/00/02_00_00_0116.jpg,02,00,01
dataset/HTP/02/00/02_00_00_0117.jpg,02,00,01
dataset/HTP/02/00/02_00_00_0118.jpg,02,00,01
dataset/HTP/02/00/02_00_00_0119.jpg,02,00,01
dataset/HTP/02/00/02_00_00_0120.jpg,02,00,01
dataset/HTP/02/00/02_00_00_0121.jpg,02,00,01
dataset/HTP/02/00/02_00_00_0122.jpg,02,00,01
dataset/HTP/02/00/02_00_00_0123.jpg,02,00,01
dataset/HTP/02/00/02_00_00_0124.jpg,02,00,01
dataset/HTP/02/00/02_00_00_0125.jpg,02,00,01
dataset/HTP/02/00/02_00_00_0126.jpg,02,00,01
dataset/HTP/02/00/02_00_00_0127.jpg,02,00,01
dataset/HTP/02/00/02_00_00_0128.jpg,02,00,01
dataset/HTP/02/00/02_00_00_0129.jpg,02,00,01
dataset/HTP/02/00/02_00_00_0130.jpg,02,00,01
dataset/HTP/02/00/02_00_00_0131.jpg,02,00,01
dataset/HTP/02/00/02_00_00_0132.jpg,02,00,01
dataset/HTP/02/00/02_00_00_0133.jpg,02,00,01
dataset/HTP/02/00/02_00_00_0134.jpg,02,00,01
dataset/HTP/02/00/02_00_00_0135.jpg,02,00,01
dataset/HTP/02/00/02_00_00_0136.jpg,02,00,01
dataset/HTP/02/00/02_00_00_0137.jpg,02,00,01
dataset/HTP/02/00/02_00_00_0138.jpg,02,00,01
dataset/HTP/02/00/02_00_00_0139.jpg,02,00,01
dataset/HTP/02/00/02_00_00_0140.jpg,02,00,01
dataset/HTP/02/00/02_00_00_0141.jpg,02,00,01
dataset/HTP/02/00/02_00_00_0142.jpg,02,00,01
dataset/HTP/02/00/02_00_00_0143.jpg,02,00,01
dataset/HTP/02/00/02_00_00_0144.jpg,02,00,01
dataset/HTP/02/00/02_00_00_0145.jpg,02,00,01
dataset/HTP/02/00/02_00_00_0146.jpg,02,00,01
dataset/HTP/02/00/02_00_00_0147.jpg,02,00,01
dataset/HTP/02/00/02_00_00_0148.jpg,02,00,01
dataset/HTP/02/00/02_00_00_0149.jpg,02,00,01
dataset/HTP/02/00/02_00_00_0150.jpg,02,00,01
dataset/HTP/02/00/02_00_00_0151.jpg,02,00,01
dataset/HTP/02/00/02_00_00_0152.jpg,02,00,01
dataset/HTP/02/00/02_00_00_0153.jpg,02,00,01
dataset/HTP/02/00/02_00_00_0154.jpg,02,00,01
dataset/HTP/02/00/02_00_00_0155.jpg,02,00,01
dataset/HTP/02/00/02_00_00_0156.jpg,02,00,01
dataset/HTP/02/01/02_01_00_0000.jpg,02,01,01
dataset/HTP/02/01/02_01_00_0001.jpg,02,01,01
dataset/HTP/02/01/02_01_00_0002.jpg,02,01,01
dataset/HTP/02/01/02_01_00_0003.jpg,02,01,01
dataset/HTP/02/01/02_01_00_0004.jpg,02,01,01
dataset/HTP/02/01/02_01_00_0005.jpg,02,01,01
dataset/HTP/02/01/02_01_00_0006.jpg,02,01,01
dataset/HTP/02/01/02_01_00_0007.jpg,02,01,01
dataset/HTP/02/01/02_01_00_0008.jpg,02,01,01
dataset/HTP/02/01/02_01_00_0009.jpg,02,01,01
dataset/HTP/02/01/02_01_00_0010.jpg,02,01,01
dataset/HTP/02/01/02_01_00_0011.jpg,02,01,01
dataset/HTP/02/01/02_01_00_0012.jpg,02,01,01
dataset/HTP/02/01/02_01_00_0013.jpg,02,01,01
dataset/HTP/02/01/02_01_00_0014.jpg,02,01,01
dataset/HTP/02/01/02_01_00_0015.jpg,02,01,01
dataset/HTP/02/01/02_01_00_0016.jpg,02,01,01
dataset/HTP/02/01/02_01_00_0017.jpg,02,01,01
dataset/HTP/02/01/02_01_00_0018.jpg,02,01,01
dataset/HTP/02/01/02_01_00_0019.jpg,02,01,01
dataset/HTP/02/01/02_01_00_0020.jpg,02,01,01
dataset/HTP/02/01/02_01_00_0021.jpg,02,01,01
dataset/HTP/02/01/02_01_00_0022.jpg,02,01,01
dataset/HTP/02/01/02_01_00_0023.jpg,02,01,01
dataset/HTP/02/01/02_01_00_0024.jpg,02,01,01
dataset/HTP/02/01/02_01_00_0025.jpg,02,01,01
dataset/HTP/02/01/02_01_00_0026.jpg,02,01,01
dataset/HTP/02/01/02_01_00_0027.jpg,02,01,01
dataset/HTP/02/01/02_01_00_0028.jpg,02,01,01
dataset/HTP/02/01/02_01_00_0029.jpg,02,01,01
dataset/HTP/02/01/02_01_00_0030.jpg,02,01,01
dataset/HTP/02/01/02_01_00_0031.jpg,02,01,01
dataset/HTP/02/01/02_01_00_0032.jpg,02,01,01
dataset/HTP/02/01/02_01_00_0033.jpg,02,01,01
dataset/HTP/02/01/02_01_00_0034.jpg,02,01,01
dataset/HTP/02/01/02_01_00_0035.jpg,02,01,01
dataset/HTP/02/01/02_01_00_0036.jpg,02,01,01
dataset/HTP/02/01/02_01_00_0037.jpg,02,01,01
dataset/HTP/02/01/02_01_00_0038.jpg,02,01,01
dataset/HTP/02/01/02_01_00_0039.jpg,02,01,01
dataset/HTP/02/01/02_01_00_0040.jpg,02,01,01
dataset/HTP/02/01/02_01_00_0041.jpg,02,01,01
dataset/HTP/02/01/02_01_00_0042.jpg,02,01,01
dataset/HTP/02/01/02_01_00_0043.png,02,01,01
dataset/HTP/02/01/02_01_00_0044.jpg,02,01,01
dataset/HTP/02/01/02_01_00_0045.jpg,02,01,01
dataset/HTP/02/01/02_01_00_0046.png,02,01,01
dataset/HTP/02/01/02_01_00_0047.png,02,01,01
dataset/HTP/02/01/02_01_00_0048.png,02,01,01
dataset/HTP/02/01/02_01_00_0049.jpg,02,01,01
dataset/HTP/02/01/02_01_00_0050.png,02,01,01
dataset/HTP/02/01/02_01_00_0051.png,02,01,01
dataset/HTP/02/01/02_01_00_0052.jpg,02,01,01
dataset/HTP/02/01/02_01_00_0053.png,02,01,01
dataset/HTP/02/01/02_01_00_0054.jpg,02,01,01
dataset/HTP/02/01/02_01_00_0055.png,02,01,01
dataset/HTP/02/01/02_01_00_0056.png,02,01,01
dataset/HTP/02/01/02_01_00_0057.png,02,01,01
dataset/HTP/02/01/02_01_00_0058.png,02,01,01
dataset/HTP/02/01/02_01_00_0059.png,02,01,01
dataset/HTP/02/01/02_01_00_0060.png,02,01,01
dataset/HTP/02/01/02_01_00_0061.png,02,01,01
dataset/HTP/02/01/02_01_00_0062.png,02,01,01
dataset/HTP/02/01/02_01_00_0063.png,02,01,01
dataset/HTP/02/01/02_01_00_0064.png,02,01,01
dataset/HTP/02/01/02_01_00_0065.png,02,01,01
dataset/HTP/02/01/02_01_00_0066.png,02,01,01
dataset/HTP/02/01/02_01_00_0067.png,02,01,01
dataset/HTP/02/01/02_01_00_0068.png,02,01,01
dataset/HTP/02/01/02_01_00_0069.png,02,01,01
dataset/HTP/02/01/02_01_00_0070.png,02,01,01
dataset/HTP/02/01/02_01_00_0071.jpg,02,01,01
dataset/HTP/02/01/02_01_00_0072.jpg,02,01,01
dataset/HTP/02/01/02_01_00_0073.png,02,01,01
dataset/HTP/02/01/02_01_00_0074.png,02,01,01
dataset/HTP/02/01/02_01_00_0075.jpg,02,01,01
dataset/HTP/02/01/02_01_00_0076.png,02,01,01
dataset/HTP/02/01/02_01_00_0077.jpg,02,01,01
dataset/HTP/02/01/02_01_00_0078.jpg,02,01,01
dataset/HTP/02/01/02_01_00_0079.jpg,02,01,01
dataset/HTP/02/01/02_01_00_0080.jpg,02,01,01
dataset/HTP/02/01/02_01_00_0081.jpg,02,01,01
dataset/HTP/02/01/02_01_00_0082.jpg,02,01,01
dataset/HTP/02/01/02_01_00_0083.jpg,02,01,01
dataset/HTP/02/01/02_01_00_0084.jpg,02,01,01
dataset/HTP/02/01/02_01_00_0085.jpg,02,01,01
dataset/HTP/02/01/02_01_00_0086.jpg,02,01,01
dataset/HTP/02/01/02_01_00_0087.jpg,02,01,01
dataset/HTP/02/01/02_01_00_0088.jpg,02,01,01
dataset/HTP/02/01/02_01_00_0089.jpg,02,01,01
dataset/HTP/02/01/02_01_00_0090.jpg,02,01,01
dataset/HTP/02/01/02_01_00_0091.jpg,02,01,01
dataset/HTP/02/01/02_01_00_0092.jpg,02,01,01
dataset/HTP/02/01/02_01_00_0093.jpg,02,01,01
dataset/HTP/02/01/02_01_00_0094.jpg,02,01,01
dataset/HTP/02/01/02_01_00_0095.jpg,02,01,01
dataset/HTP/02/01/02_01_00_0096.jpg,02,01,01
dataset/HTP/02/01/02_01_00_0097.jpg,02,01,01
dataset/HTP/02/01/02_01_00_0098.jpg,02,01,01
dataset/HTP/02/01/02_01_00_0099.jpg,02,01,01
dataset/HTP/02/01/02_01_00_0100.jpg,02,01,01
dataset/HTP/02/01/02_01_00_0101.jpg,02,01,01
dataset/HTP/02/01/02_01_00_0102.jpg,02,01,01
dataset/HTP/02/01/02_01_00_0103.jpg,02,01,01
dataset/HTP/02/01/02_01_00_0104.jpg,02,01,01
dataset/HTP/02/01/02_01_00_0105.jpg,02,01,01
dataset/HTP/02/01/02_01_00_0106.jpg,02,01,01
dataset/HTP/02/01/02_01_00_0107.jpg,02,01,01
dataset/HTP/02/01/02_01_00_0108.jpg,02,01,01
dataset/HTP/02/01/02_01_00_0109.jpg,02,01,01
dataset/HTP/02/01/02_01_00_0110.jpg,02,01,01
dataset/HTP/02/01/02_01_00_0111.jpg,02,01,01
dataset/HTP/02/01/02_01_00_0112.jpg,02,01,01
dataset/HTP/02/01/02_01_00_0113.jpg,02,01,01
dataset/HTP/02/01/02_01_00_0114.jpg,02,01,01
dataset/HTP/02/01/02_01_00_0115.jpg,02,01,01
dataset/HTP/02/01/02_01_00_0116.jpg,02,01,01
