dataset,scope,arch,image_size,seed,env,epoch,acc,auc,loss
HTP,per_env,vit_b_16,224,0,00,1,0.57534,0.45661,0.80813
HTP,per_env,vit_b_16,224,0,00,2,0.57534,0.44969,0.71311
HTP,per_env,vit_b_16,224,0,00,3,0.57534,0.58948,0.69316
HTP,per_env,vit_b_16,224,0,00,4,0.57534,0.58679,0.69139
HTP,per_env,vit_b_16,224,0,00,5,0.57534,0.57028,0.68744
HTP,per_env,vit_b_16,224,0,00,6,0.57534,0.57028,0.68633
HTP,per_env,vit_b_16,224,0,00,7,0.57534,0.57373,0.68483
HTP,per_env,vit_b_16,224,0,00,8,0.46575,0.5649,0.68684
HTP,per_env,vit_b_16,224,0,00,9,0.57534,0.56989,0.6936
HTP,per_env,vit_b_16,224,0,00,10,0.57534,0.56068,0.67523
HTP,per_env,vit_b_16,224,0,00,11,0.57534,0.55914,0.69181
HTP,per_env,vit_b_16,224,0,00,12,0.57534,0.56797,0.66816
HTP,per_env,vit_b_16,224,0,00,13,0.57534,0.56567,0.68103
HTP,per_env,vit_b_16,224,0,00,14,0.57534,0.55684,0.67718
HTP,per_env,vit_b_16,224,0,00,15,0.57534,0.56644,0.69242
HTP,per_env,vit_b_16,224,0,00,16,0.57534,0.57335,0.68116
HTP,per_env,vit_b_16,224,0,00,17,0.57534,0.56528,0.67072
HTP,per_env,vit_b_16,224,0,00,18,0.57534,0.56528,0.67975
HTP,per_env,vit_b_16,224,0,00,19,0.57534,0.55645,0.66493
HTP,per_env,vit_b_16,224,0,00,20,0.57534,0.55223,0.67727
HTP,per_env,vit_b_16,224,0,00,21,0.57534,0.54877,0.67544
HTP,per_env,vit_b_16,224,0,00,22,0.57534,0.56759,0.66721
HTP,per_env,vit_b_16,224,0,00,23,0.57534,0.56528,0.67004
HTP,per_env,vit_b_16,224,0,00,24,0.57534,0.55338,0.66555
HTP,per_env,vit_b_16,224,0,00,25,0.57534,0.56106,0.67161
HTP,per_env,vit_b_16,224,0,00,26,0.57534,0.56144,0.67027
HTP,per_env,vit_b_16,224,0,00,27,0.57534,0.57028,0.67114
HTP,per_env,vit_b_16,224,0,00,28,0.57534,0.57565,0.65334
HTP,per_env,vit_b_16,224,0,00,29,0.57534,0.59178,0.65342
HTP,per_env,vit_b_16,224,0,00,30,0.57534,0.50998,0.6563
HTP,per_env,vit_b_16,224,0,00,31,0.57534,0.47581,0.66057
HTP,per_env,vit_b_16,224,0,00,32,0.57534,0.48157,0.6522
HTP,per_env,vit_b_16,224,0,00,33,0.57534,0.5768,0.66811
HTP,per_env,vit_b_16,224,0,00,34,0.57534,0.55991,0.67563
HTP,per_env,vit_b_16,224,0,00,35,0.57534,0.57104,0.66543
HTP,per_env,vit_b_16,224,0,00,36,0.57534,0.5722,0.66463
HTP,per_env,vit_b_16,224,0,00,37,0.57534,0.57296,0.65763
HTP,per_env,vit_b_16,224,0,00,38,0.49315,0.5096,0.66435
HTP,per_env,vit_b_16,224,0,00,39,0.57534,0.56106,0.66374
HTP,per_env,vit_b_16,224,0,00,40,0.57534,0.54109,0.64901
HTP,per_env,vit_b_16,224,0,00,41,0.57534,0.49578,0.64968
HTP,per_env,vit_b_16,224,0,00,42,0.57534,0.51651,0.64531
HTP,per_env,vit_b_16,224,0,00,43,0.46575,0.49078,0.64491
HTP,per_env,vit_b_16,224,0,00,44,0.50685,0.41398,0.66428
HTP,per_env,vit_b_16,224,0,00,45,0.57534,0.49885,0.66538
HTP,per_env,vit_b_16,224,0,00,46,0.53425,0.44624,0.66829
HTP,per_env,vit_b_16,224,0,00,47,0.57534,0.5,0.63207
HTP,per_env,vit_b_16,224,0,00,48,0.56164,0.48925,0.64599
HTP,per_env,vit_b_16,224,0,00,49,0.57534,0.45622,0.63096
HTP,per_env,vit_b_16,224,0,00,50,0.56164,0.46083,0.67679
HTP,per_env,vit_b_16,224,0,01,1,0.52381,0.82602,0.7161
HTP,per_env,vit_b_16,224,0,01,2,0.72381,0.89296,0.53445
HTP,per_env,vit_b_16,224,0,01,3,0.73333,0.78701,0.50301
HTP,per_env,vit_b_16,224,0,01,4,0.67619,0.82511,0.39721
HTP,per_env,vit_b_16,224,0,01,5,0.78095,0.88026,0.44325
HTP,per_env,vit_b_16,224,0,01,6,0.80952,0.90167,0.31323
HTP,per_env,vit_b_16,224,0,01,7,0.77143,0.88716,0.34498
HTP,per_env,vit_b_16,224,0,01,8,0.79048,0.88643,0.27846
HTP,per_env,vit_b_16,224,0,01,9,0.70476,0.87119,0.33985
HTP,per_env,vit_b_16,224,0,01,10,0.75238,0.87083,0.32369
HTP,per_env,vit_b_16,224,0,01,11,0.80952,0.86502,0.32371
HTP,per_env,vit_b_16,224,0,01,12,0.77143,0.89042,0.26301
HTP,per_env,vit_b_16,224,0,01,13,0.7619,0.87772,0.27009
HTP,per_env,vit_b_16,224,0,01,14,0.80952,0.89949,0.29059
HTP,per_env,vit_b_16,224,0,01,15,0.81905,0.89586,0.31234
HTP,per_env,vit_b_16,224,0,01,16,0.8,0.89115,0.20352
HTP,per_env,vit_b_16,224,0,01,17,0.75238,0.85813,0.25833
HTP,per_env,vit_b_16,224,0,01,18,0.74286,0.832,0.19767
HTP,per_env,vit_b_16,224,0,01,19,0.8,0.87446,0.25582
HTP,per_env,vit_b_16,224,0,01,20,0.7619,0.84906,0.27756
HTP,per_env,vit_b_16,224,0,01,21,0.81905,0.9111,0.21694
HTP,per_env,vit_b_16,224,0,01,22,0.85714,0.91473,0.20385
HTP,per_env,vit_b_16,224,0,01,23,0.7619,0.81422,0.25369
HTP,per_env,vit_b_16,224,0,01,24,0.81905,0.90131,0.21958
HTP,per_env,vit_b_16,224,0,01,25,0.78095,0.8984,0.14954
HTP,per_env,vit_b_16,224,0,01,26,0.82857,0.89804,0.20981
HTP,per_env,vit_b_16,224,0,01,27,0.84762,0.93197,0.16729
HTP,per_env,vit_b_16,224,0,01,28,0.82857,0.9111,0.24791
HTP,per_env,vit_b_16,224,0,01,29,0.75238,0.83599,0.21375
HTP,per_env,vit_b_16,224,0,01,30,0.66667,0.75544,0.21428
HTP,per_env,vit_b_16,224,0,01,31,0.72381,0.79826,0.24893
HTP,per_env,vit_b_16,224,0,01,32,0.7619,0.87155,0.22561
HTP,per_env,vit_b_16,224,0,01,33,0.80952,0.87409,0.18976
HTP,per_env,vit_b_16,224,0,01,34,0.80952,0.87554,0.16162
HTP,per_env,vit_b_16,224,0,01,35,0.8,0.88099,0.16964
HTP,per_env,vit_b_16,224,0,01,36,0.7619,0.9033,0.20821
HTP,per_env,vit_b_16,224,0,01,37,0.85714,0.88824,0.16304
HTP,per_env,vit_b_16,224,0,01,38,0.80952,0.88353,0.16445
HTP,per_env,vit_b_16,224,0,01,39,0.82857,0.88824,0.16807
HTP,per_env,vit_b_16,224,0,01,40,0.8,0.90294,0.24089
HTP,per_env,vit_b_16,224,0,01,41,0.81905,0.91001,0.19471
HTP,per_env,vit_b_16,224,0,01,42,0.81905,0.89623,0.15148
HTP,per_env,vit_b_16,224,0,01,43,0.80952,0.90094,0.15613
HTP,per_env,vit_b_16,224,0,01,44,0.80952,0.89804,0.14789
HTP,per_env,vit_b_16,224,0,01,45,0.85714,0.92271,0.1658
HTP,per_env,vit_b_16,224,0,01,46,0.8381,0.91328,0.1102
HTP,per_env,vit_b_16,224,0,01,47,0.81905,0.88824,0.19805
HTP,per_env,vit_b_16,224,0,01,48,0.8,0.91292,0.16178
HTP,per_env,vit_b_16,224,0,01,49,0.81905,0.90421,0.13761
HTP,per_env,vit_b_16,224,0,01,50,0.82857,0.92779,0.17747
HTP,per_env,vit_b_16,224,0,02,1,0.57407,0.70126,0.72737
HTP,per_env,vit_b_16,224,0,02,2,0.61111,0.54278,0.75591
HTP,per_env,vit_b_16,224,0,02,3,0.57407,0.67321,0.66627
HTP,per_env,vit_b_16,224,0,02,4,0.57407,0.64797,0.69079
HTP,per_env,vit_b_16,224,0,02,5,0.64815,0.72931,0.61127
HTP,per_env,vit_b_16,224,0,02,6,0.68519,0.71108,0.57939
HTP,per_env,vit_b_16,224,0,02,7,0.57407,0.56101,0.50226
HTP,per_env,vit_b_16,224,0,02,8,0.53704,0.59748,0.57347
HTP,per_env,vit_b_16,224,0,02,9,0.66667,0.61851,0.52304
HTP,per_env,vit_b_16,224,0,02,10,0.55556,0.59467,0.45201
HTP,per_env,vit_b_16,224,0,02,11,0.61111,0.65358,0.42404
HTP,per_env,vit_b_16,224,0,02,12,0.61111,0.64236,0.38968
HTP,per_env,vit_b_16,224,0,02,13,0.62963,0.65498,0.32244
HTP,per_env,vit_b_16,224,0,02,14,0.53704,0.61851,0.24519
HTP,per_env,vit_b_16,224,0,02,15,0.57407,0.65217,0.2731
HTP,per_env,vit_b_16,224,0,02,16,0.59259,0.65778,0.37249
HTP,per_env,vit_b_16,224,0,02,17,0.64815,0.67041,0.28551
HTP,per_env,vit_b_16,224,0,02,18,0.59259,0.64727,0.37276
HTP,per_env,vit_b_16,224,0,02,19,0.53704,0.6115,0.31264
HTP,per_env,vit_b_16,224,0,02,20,0.55556,0.57504,0.32087
HTP,per_env,vit_b_16,224,0,02,21,0.61111,0.63815,0.18936
HTP,per_env,vit_b_16,224,0,02,22,0.64815,0.63955,0.20843
HTP,per_env,vit_b_16,224,0,02,23,0.59259,0.63254,0.21212
HTP,per_env,vit_b_16,224,0,02,24,0.55556,0.65217,0.18486
HTP,per_env,vit_b_16,224,0,02,25,0.61111,0.65358,0.21252
HTP,per_env,vit_b_16,224,0,02,26,0.57407,0.53857,0.20773
HTP,per_env,vit_b_16,224,0,02,27,0.57407,0.58485,0.21813
HTP,per_env,vit_b_16,224,0,02,28,0.61111,0.61992,0.25436
HTP,per_env,vit_b_16,224,0,02,29,0.59259,0.6101,0.17772
HTP,per_env,vit_b_16,224,0,02,30,0.55556,0.59607,0.19574
HTP,per_env,vit_b_16,224,0,02,31,0.59259,0.60168,0.19186
HTP,per_env,vit_b_16,224,0,02,32,0.59259,0.59467,0.14708
HTP,per_env,vit_b_16,224,0,02,33,0.61111,0.6087,0.15221
HTP,per_env,vit_b_16,224,0,02,34,0.62963,0.58906,0.13473
HTP,per_env,vit_b_16,224,0,02,35,0.59259,0.58626,0.18146
HTP,per_env,vit_b_16,224,0,02,36,0.55556,0.60028,0.15238
HTP,per_env,vit_b_16,224,0,02,37,0.55556,0.54278,0.13116
HTP,per_env,vit_b_16,224,0,02,38,0.55556,0.554,0.19439
HTP,per_env,vit_b_16,224,0,02,39,0.57407,0.56241,0.15427
HTP,per_env,vit_b_16,224,0,02,40,0.59259,0.59327,0.13271
HTP,per_env,vit_b_16,224,0,02,41,0.57407,0.56101,0.11512
HTP,per_env,vit_b_16,224,0,02,42,0.59259,0.58065,0.10989
HTP,per_env,vit_b_16,224,0,02,43,0.51852,0.56101,0.13354
HTP,per_env,vit_b_16,224,0,02,44,0.57407,0.58766,0.20716
HTP,per_env,vit_b_16,224,0,02,45,0.55556,0.60589,0.2468
HTP,per_env,vit_b_16,224,0,02,46,0.57407,0.6129,0.16936
HTP,per_env,vit_b_16,224,0,02,47,0.53704,0.52595,0.18725
HTP,per_env,vit_b_16,224,0,02,48,0.55556,0.55119,0.13962
HTP,per_env,vit_b_16,224,0,02,49,0.59259,0.58345,0.23669
HTP,per_env,vit_b_16,224,0,02,50,0.48148,0.56522,0.13952
HTP,per_env,vit_b_16,640,0,00,1,0.57534,0.61751,0.808
HTP,per_env,vit_b_16,640,0,00,2,0.49315,0.52458,0.68254
HTP,per_env,vit_b_16,640,0,00,3,0.57534,0.47312,0.69159
HTP,per_env,vit_b_16,640,0,00,4,0.57534,0.49808,0.69548
HTP,per_env,vit_b_16,640,0,00,5,0.57534,0.57988,0.67093
HTP,per_env,vit_b_16,640,0,00,6,0.57534,0.60292,0.66485
HTP,per_env,vit_b_16,640,0,00,7,0.54795,0.55837,0.64171
HTP,per_env,vit_b_16,640,0,00,8,0.57534,0.6179,0.65407
HTP,per_env,vit_b_16,640,0,00,9,0.61644,0.58871,0.62375
HTP,per_env,vit_b_16,640,0,00,10,0.61644,0.59178,0.65587
HTP,per_env,vit_b_16,640,0,00,11,0.54795,0.52458,0.63481
HTP,per_env,vit_b_16,640,0,00,12,0.49315,0.58218,0.64468
HTP,per_env,vit_b_16,640,0,00,13,0.58904,0.65822,0.62728
HTP,per_env,vit_b_16,640,0,00,14,0.64384,0.62135,0.5967
HTP,per_env,vit_b_16,640,0,00,15,0.60274,0.55799,0.56294
HTP,per_env,vit_b_16,640,0,00,16,0.54795,0.57988,0.59348
HTP,per_env,vit_b_16,640,0,00,17,0.54795,0.5722,0.59217
HTP,per_env,vit_b_16,640,0,00,18,0.58904,0.62903,0.58541
HTP,per_env,vit_b_16,640,0,00,19,0.63014,0.649,0.56461
HTP,per_env,vit_b_16,640,0,00,20,0.56164,0.62135,0.49875
HTP,per_env,vit_b_16,640,0,00,21,0.60274,0.68472,0.58444
HTP,per_env,vit_b_16,640,0,00,22,0.57534,0.65054,0.58694
HTP,per_env,vit_b_16,640,0,00,23,0.61644,0.66743,0.52883
HTP,per_env,vit_b_16,640,0,00,24,0.63014,0.63594,0.5124
HTP,per_env,vit_b_16,640,0,00,25,0.60274,0.61751,0.48403
HTP,per_env,vit_b_16,640,0,00,26,0.53425,0.60599,0.4769
HTP,per_env,vit_b_16,640,0,00,27,0.57534,0.59063,0.51976
HTP,per_env,vit_b_16,640,0,00,28,0.53425,0.60061,0.47987
HTP,per_env,vit_b_16,640,0,00,29,0.57534,0.62519,0.41323
HTP,per_env,vit_b_16,640,0,00,30,0.54795,0.63978,0.45635
HTP,per_env,vit_b_16,640,0,00,31,0.54795,0.5914,0.41825
HTP,per_env,vit_b_16,640,0,00,32,0.58904,0.62596,0.36797
HTP,per_env,vit_b_16,640,0,00,33,0.53425,0.59025,0.39975
HTP,per_env,vit_b_16,640,0,00,34,0.65753,0.6129,0.42422
HTP,per_env,vit_b_16,640,0,00,35,0.65753,0.68433,0.36833
HTP,per_env,vit_b_16,640,0,00,36,0.56164,0.61905,0.35023
HTP,per_env,vit_b_16,640,0,00,37,0.56164,0.63594,0.38069
HTP,per_env,vit_b_16,640,0,00,38,0.57534,0.63518,0.30801
HTP,per_env,vit_b_16,640,0,00,39,0.58904,0.61367,0.34594
HTP,per_env,vit_b_16,640,0,00,40,0.56164,0.64055,0.35673
HTP,per_env,vit_b_16,640,0,00,41,0.65753,0.64209,0.26763
HTP,per_env,vit_b_16,640,0,00,42,0.61644,0.68817,0.35465
HTP,per_env,vit_b_16,640,0,00,43,0.58904,0.64363,0.23398
HTP,per_env,vit_b_16,640,0,00,44,0.56164,0.63518,0.19048
HTP,per_env,vit_b_16,640,0,00,45,0.61644,0.67204,0.31734
HTP,per_env,vit_b_16,640,0,00,46,0.64384,0.6682,0.19178
HTP,per_env,vit_b_16,640,0,00,47,0.54795,0.60753,0.17639
HTP,per_env,vit_b_16,640,0,00,48,0.53425,0.58525,0.27302
HTP,per_env,vit_b_16,640,0,00,49,0.58904,0.64132,0.29485
HTP,per_env,vit_b_16,640,0,00,50,0.58904,0.6659,0.22825
HTP,per_env,vit_b_16,640,0,01,1,0.50476,0.51161,0.70784
HTP,per_env,vit_b_16,640,0,01,2,0.52381,0.63534,0.71781
HTP,per_env,vit_b_16,640,0,01,3,0.50476,0.72279,0.68618
HTP,per_env,vit_b_16,640,0,01,4,0.61905,0.81132,0.62811
HTP,per_env,vit_b_16,640,0,01,5,0.74286,0.83382,0.59851
HTP,per_env,vit_b_16,640,0,01,6,0.72381,0.83055,0.53113
HTP,per_env,vit_b_16,640,0,01,7,0.78095,0.86067,0.47723
HTP,per_env,vit_b_16,640,0,01,8,0.77143,0.85958,0.44598
HTP,per_env,vit_b_16,640,0,01,9,0.79048,0.90149,0.44829
HTP,per_env,vit_b_16,640,0,01,10,0.8,0.8955,0.32718
HTP,per_env,vit_b_16,640,0,01,11,0.82857,0.90675,0.32546
HTP,per_env,vit_b_16,640,0,01,12,0.82857,0.90747,0.52983
HTP,per_env,vit_b_16,640,0,01,13,0.84762,0.93832,0.31562
HTP,per_env,vit_b_16,640,0,01,14,0.85714,0.93324,0.24122
HTP,per_env,vit_b_16,640,0,01,15,0.86667,0.95102,0.27932
HTP,per_env,vit_b_16,640,0,01,16,0.87619,0.93251,0.28115
HTP,per_env,vit_b_16,640,0,01,17,0.86667,0.92707,0.2632
HTP,per_env,vit_b_16,640,0,01,18,0.87619,0.92417,0.21274
HTP,per_env,vit_b_16,640,0,01,19,0.81905,0.91328,0.18078
HTP,per_env,vit_b_16,640,0,01,20,0.5619,0.71626,0.36007
HTP,per_env,vit_b_16,640,0,01,21,0.80952,0.92562,0.34415
HTP,per_env,vit_b_16,640,0,01,22,0.79048,0.91909,0.21283
HTP,per_env,vit_b_16,640,0,01,23,0.87619,0.93396,0.24315
HTP,per_env,vit_b_16,640,0,01,24,0.80952,0.89441,0.12431
HTP,per_env,vit_b_16,640,0,01,25,0.85714,0.918,0.22175
HTP,per_env,vit_b_16,640,0,01,26,0.86667,0.9209,0.15513
HTP,per_env,vit_b_16,640,0,01,27,0.89524,0.92562,0.22643
HTP,per_env,vit_b_16,640,0,01,28,0.81905,0.90566,0.21865
HTP,per_env,vit_b_16,640,0,01,29,0.8,0.93033,0.13247
HTP,per_env,vit_b_16,640,0,01,30,0.78095,0.90639,0.16045
HTP,per_env,vit_b_16,640,0,01,31,0.84762,0.92798,0.11547
HTP,per_env,vit_b_16,640,0,01,32,0.84762,0.92453,0.11045
HTP,per_env,vit_b_16,640,0,01,33,0.84762,0.92308,0.15483
HTP,per_env,vit_b_16,640,0,01,34,0.84762,0.92852,0.11875
HTP,per_env,vit_b_16,640,0,01,35,0.81905,0.92271,0.13415
HTP,per_env,vit_b_16,640,0,01,36,0.82857,0.91038,0.08955
HTP,per_env,vit_b_16,640,0,01,37,0.8381,0.91401,0.12076
HTP,per_env,vit_b_16,640,0,01,38,0.8381,0.89441,0.1524
HTP,per_env,vit_b_16,640,0,01,39,0.79048,0.8955,0.20893
HTP,per_env,vit_b_16,640,0,01,40,0.82857,0.91909,0.13676
HTP,per_env,vit_b_16,640,0,01,41,0.79048,0.89078,0.09722
HTP,per_env,vit_b_16,640,0,01,42,0.82857,0.89768,0.15377
HTP,per_env,vit_b_16,640,0,01,43,0.84762,0.92417,0.13937
HTP,per_env,vit_b_16,640,0,01,44,0.8,0.91727,0.1237
HTP,per_env,vit_b_16,640,0,01,45,0.85714,0.92634,0.15849
HTP,per_env,vit_b_16,640,0,01,46,0.82857,0.92417,0.06859
HTP,per_env,vit_b_16,640,0,01,47,0.68571,0.86557,0.07505
HTP,per_env,vit_b_16,640,0,01,48,0.8381,0.90711,0.16339
HTP,per_env,vit_b_16,640,0,01,49,0.81905,0.92271,0.10544
HTP,per_env,vit_b_16,640,0,01,50,0.84762,0.91618,0.0533
HTP,per_env,vit_b_16,640,0,02,1,0.57407,0.6129,0.78206
HTP,per_env,vit_b_16,640,0,02,2,0.59259,0.66059,0.67489
HTP,per_env,vit_b_16,640,0,02,3,0.57407,0.64446,0.61674
HTP,per_env,vit_b_16,640,0,02,4,0.59259,0.7209,0.62972
HTP,per_env,vit_b_16,640,0,02,5,0.57407,0.62272,0.58043
HTP,per_env,vit_b_16,640,0,02,6,0.48148,0.54839,0.56275
HTP,per_env,vit_b_16,640,0,02,7,0.64815,0.69565,0.52386
HTP,per_env,vit_b_16,640,0,02,8,0.53704,0.6662,0.40727
HTP,per_env,vit_b_16,640,0,02,9,0.53704,0.58345,0.42433
HTP,per_env,vit_b_16,640,0,02,10,0.51852,0.52875,0.47128
HTP,per_env,vit_b_16,640,0,02,11,0.57407,0.56381,0.40441
HTP,per_env,vit_b_16,640,0,02,12,0.51852,0.53717,0.37259
HTP,per_env,vit_b_16,640,0,02,13,0.46296,0.52034,0.25541
HTP,per_env,vit_b_16,640,0,02,14,0.55556,0.58485,0.22004
HTP,per_env,vit_b_16,640,0,02,15,0.51852,0.59748,0.21985
HTP,per_env,vit_b_16,640,0,02,16,0.57407,0.54979,0.25383
HTP,per_env,vit_b_16,640,0,02,17,0.57407,0.63254,0.20446
HTP,per_env,vit_b_16,640,0,02,18,0.51852,0.54979,0.18485
HTP,per_env,vit_b_16,640,0,02,19,0.5,0.53015,0.24564
HTP,per_env,vit_b_16,640,0,02,20,0.51852,0.49018,0.23831
HTP,per_env,vit_b_16,640,0,02,21,0.42593,0.4993,0.22011
HTP,per_env,vit_b_16,640,0,02,22,0.51852,0.50351,0.1806
HTP,per_env,vit_b_16,640,0,02,23,0.61111,0.57223,0.10687
HTP,per_env,vit_b_16,640,0,02,24,0.5,0.4993,0.14599
HTP,per_env,vit_b_16,640,0,02,25,0.46296,0.54278,0.11708
HTP,per_env,vit_b_16,640,0,02,26,0.44444,0.47686,0.26259
HTP,per_env,vit_b_16,640,0,02,27,0.48148,0.42216,0.27425
HTP,per_env,vit_b_16,640,0,02,28,0.51852,0.56101,0.1784
HTP,per_env,vit_b_16,640,0,02,29,0.51852,0.54979,0.12027
HTP,per_env,vit_b_16,640,0,02,30,0.51852,0.52314,0.10978
HTP,per_env,vit_b_16,640,0,02,31,0.51852,0.56802,0.11078
HTP,per_env,vit_b_16,640,0,02,32,0.51852,0.53576,0.10532
HTP,per_env,vit_b_16,640,0,02,33,0.53704,0.59748,0.10651
HTP,per_env,vit_b_16,640,0,02,34,0.48148,0.55259,0.13952
HTP,per_env,vit_b_16,640,0,02,35,0.59259,0.59748,0.13326
HTP,per_env,vit_b_16,640,0,02,36,0.5,0.53717,0.11704
HTP,per_env,vit_b_16,640,0,02,37,0.46296,0.52595,0.14176
HTP,per_env,vit_b_16,640,0,02,38,0.55556,0.54979,0.15976
HTP,per_env,vit_b_16,640,0,02,39,0.55556,0.56101,0.15262
HTP,per_env,vit_b_16,640,0,02,40,0.46296,0.48527,0.10871
HTP,per_env,vit_b_16,640,0,02,41,0.48148,0.47405,0.06583
HTP,per_env,vit_b_16,640,0,02,42,0.51852,0.5021,0.12389
HTP,per_env,vit_b_16,640,0,02,43,0.53704,0.56381,0.09419
HTP,per_env,vit_b_16,640,0,02,44,0.51852,0.49229,0.0709
HTP,per_env,vit_b_16,640,0,02,45,0.53704,0.554,0.09035
HTP,per_env,vit_b_16,640,0,02,46,0.51852,0.52735,0.09288
HTP,per_env,vit_b_16,640,0,02,47,0.62963,0.60028,0.13737
HTP,per_env,vit_b_16,640,0,02,48,0.55556,0.59187,0.13456
HTP,per_env,vit_b_16,640,0,02,49,0.55556,0.64376,0.18347
HTP,per_env,vit_b_16,640,0,02,50,0.59259,0.63394,0.15489
HTP,per_env,vit_b_16,224,1,00,1,0.57534,0.553,0.76032
HTP,per_env,vit_b_16,224,1,00,2,0.57534,0.50998,0.69017
HTP,per_env,vit_b_16,224,1,00,3,0.57534,0.47965,0.69618
HTP,per_env,vit_b_16,224,1,00,4,0.57534,0.49923,0.67532
HTP,per_env,vit_b_16,224,1,00,5,0.57534,0.49462,0.6727
HTP,per_env,vit_b_16,224,1,00,6,0.63014,0.62442,0.66835
HTP,per_env,vit_b_16,224,1,00,7,0.60274,0.60138,0.65871
HTP,per_env,vit_b_16,224,1,00,8,0.56164,0.56682,0.63687
HTP,per_env,vit_b_16,224,1,00,9,0.61644,0.55991,0.64259
HTP,per_env,vit_b_16,224,1,00,10,0.46575,0.61252,0.67953
HTP,per_env,vit_b_16,224,1,00,11,0.50685,0.55453,0.62358
HTP,per_env,vit_b_16,224,1,00,12,0.57534,0.57719,0.58763
HTP,per_env,vit_b_16,224,1,00,13,0.56164,0.5288,0.65904
HTP,per_env,vit_b_16,224,1,00,14,0.57534,0.61444,0.64103
HTP,per_env,vit_b_16,224,1,00,15,0.43836,0.52304,0.61992
HTP,per_env,vit_b_16,224,1,00,16,0.57534,0.64516,0.56306
HTP,per_env,vit_b_16,224,1,00,17,0.54795,0.64363,0.58266
HTP,per_env,vit_b_16,224,1,00,18,0.57534,0.6467,0.58438
HTP,per_env,vit_b_16,224,1,00,19,0.57534,0.48618,0.57526
HTP,per_env,vit_b_16,224,1,00,20,0.57534,0.5818,0.65199
HTP,per_env,vit_b_16,224,1,00,21,0.61644,0.60599,0.62907
HTP,per_env,vit_b_16,224,1,00,22,0.58904,0.55914,0.54515
HTP,per_env,vit_b_16,224,1,00,23,0.52055,0.63134,0.56967
HTP,per_env,vit_b_16,224,1,00,24,0.58904,0.61828,0.55922
HTP,per_env,vit_b_16,224,1,00,25,0.54795,0.56144,0.54471
HTP,per_env,vit_b_16,224,1,00,26,0.52055,0.50077,0.51271
HTP,per_env,vit_b_16,224,1,00,27,0.58904,0.61214,0.57843
HTP,per_env,vit_b_16,224,1,00,28,0.58904,0.58679,0.56303
HTP,per_env,vit_b_16,224,1,00,29,0.50685,0.55991,0.43869
HTP,per_env,vit_b_16,224,1,00,30,0.57534,0.61751,0.46257
HTP,per_env,vit_b_16,224,1,00,31,0.53425,0.55069,0.49157
HTP,per_env,vit_b_16,224,1,00,32,0.50685,0.51075,0.42474
HTP,per_env,vit_b_16,224,1,00,33,0.54795,0.59255,0.41484
HTP,per_env,vit_b_16,224,1,00,34,0.54795,0.55376,0.43232
HTP,per_env,vit_b_16,224,1,00,35,0.54795,0.58909,0.46251
HTP,per_env,vit_b_16,224,1,00,36,0.65753,0.64516,0.39744
HTP,per_env,vit_b_16,224,1,00,37,0.50685,0.59217,0.42812
HTP,per_env,vit_b_16,224,1,00,38,0.56164,0.54685,0.38723
HTP,per_env,vit_b_16,224,1,00,39,0.50685,0.54992,0.42786
HTP,per_env,vit_b_16,224,1,00,40,0.63014,0.69124,0.3491
HTP,per_env,vit_b_16,224,1,00,41,0.57534,0.58986,0.42546
HTP,per_env,vit_b_16,224,1,00,42,0.58904,0.60983,0.36537
HTP,per_env,vit_b_16,224,1,00,43,0.53425,0.52995,0.33866
HTP,per_env,vit_b_16,224,1,00,44,0.54795,0.57988,0.37325
HTP,per_env,vit_b_16,224,1,00,45,0.54795,0.5745,0.32534
HTP,per_env,vit_b_16,224,1,00,46,0.61644,0.63134,0.36386
HTP,per_env,vit_b_16,224,1,00,47,0.63014,0.67089,0.38961
HTP,per_env,vit_b_16,224,1,00,48,0.60274,0.68049,0.34758
HTP,per_env,vit_b_16,224,1,00,49,0.61644,0.64132,0.27018
HTP,per_env,vit_b_16,224,1,00,50,0.64384,0.6874,0.29999
HTP,per_env,vit_b_16,224,1,01,1,0.53333,0.48349,0.71983
HTP,per_env,vit_b_16,224,1,01,2,0.50476,0.67834,0.66034
HTP,per_env,vit_b_16,224,1,01,3,0.50476,0.78048,0.61581
HTP,per_env,vit_b_16,224,1,01,4,0.74286,0.91074,0.55925
HTP,per_env,vit_b_16,224,1,01,5,0.74286,0.89623,0.45587
HTP,per_env,vit_b_16,224,1,01,6,0.69524,0.76651,0.49869
HTP,per_env,vit_b_16,224,1,01,7,0.8,0.91909,0.47198
HTP,per_env,vit_b_16,224,1,01,8,0.71429,0.8545,0.3901
HTP,per_env,vit_b_16,224,1,01,9,0.84762,0.97714,0.36427
HTP,per_env,vit_b_16,224,1,01,10,0.75238,0.86502,0.39093
HTP,per_env,vit_b_16,224,1,01,11,0.80952,0.97315,0.38851
HTP,per_env,vit_b_16,224,1,01,12,0.8,0.9648,0.32422
HTP,per_env,vit_b_16,224,1,01,13,0.82857,0.94666,0.25873
HTP,per_env,vit_b_16,224,1,01,14,0.91429,0.98295,0.29794
HTP,per_env,vit_b_16,224,1,01,15,0.85714,0.94467,0.27983
HTP,per_env,vit_b_16,224,1,01,16,0.89524,0.96226,0.2675
HTP,per_env,vit_b_16,224,1,01,17,0.85714,0.95029,0.28412
HTP,per_env,vit_b_16,224,1,01,18,0.81905,0.95718,0.22495
HTP,per_env,vit_b_16,224,1,01,19,0.89524,0.96444,0.2937
HTP,per_env,vit_b_16,224,1,01,20,0.86667,0.94993,0.19991
HTP,per_env,vit_b_16,224,1,01,21,0.92381,0.96444,0.31437
HTP,per_env,vit_b_16,224,1,01,22,0.85714,0.96952,0.23444
HTP,per_env,vit_b_16,224,1,01,23,0.87619,0.96299,0.19061
HTP,per_env,vit_b_16,224,1,01,24,0.80952,0.9238,0.21831
HTP,per_env,vit_b_16,224,1,01,25,0.7619,0.95247,0.20601
HTP,per_env,vit_b_16,224,1,01,26,0.8,0.89949,0.20922
HTP,per_env,vit_b_16,224,1,01,27,0.88571,0.97351,0.28117
HTP,per_env,vit_b_16,224,1,01,28,0.82857,0.96408,0.17272
HTP,per_env,vit_b_16,224,1,01,29,0.81905,0.92925,0.23382
HTP,per_env,vit_b_16,224,1,01,30,0.88571,0.96662,0.24359
HTP,per_env,vit_b_16,224,1,01,31,0.8,0.94122,0.18411
HTP,per_env,vit_b_16,224,1,01,32,0.86667,0.94049,0.15927
HTP,per_env,vit_b_16,224,1,01,33,0.86667,0.9307,0.22163
HTP,per_env,vit_b_16,224,1,01,34,0.88571,0.95972,0.20191
HTP,per_env,vit_b_16,224,1,01,35,0.77143,0.92525,0.16882
HTP,per_env,vit_b_16,224,1,01,36,0.8381,0.91001,0.1528
HTP,per_env,vit_b_16,224,1,01,37,0.81905,0.96444,0.16002
HTP,per_env,vit_b_16,224,1,01,38,0.86667,0.96154,0.17403
HTP,per_env,vit_b_16,224,1,01,39,0.8,0.94485,0.18577
HTP,per_env,vit_b_16,224,1,01,40,0.75238,0.80334,0.28152
HTP,per_env,vit_b_16,224,1,01,41,0.73333,0.9492,0.30008
HTP,per_env,vit_b_16,224,1,01,42,0.75238,0.87373,0.22413
HTP,per_env,vit_b_16,224,1,01,43,0.8,0.93687,0.23744
HTP,per_env,vit_b_16,224,1,01,44,0.86667,0.9648,0.16442
HTP,per_env,vit_b_16,224,1,01,45,0.90476,0.96771,0.19733
HTP,per_env,vit_b_16,224,1,01,46,0.91429,0.96408,0.17183
HTP,per_env,vit_b_16,224,1,01,47,0.8,0.96771,0.15467
HTP,per_env,vit_b_16,224,1,01,48,0.78095,0.95954,0.13439
HTP,per_env,vit_b_16,224,1,01,49,0.81905,0.93759,0.13273
HTP,per_env,vit_b_16,224,1,01,50,0.78095,0.94176,0.15284
HTP,per_env,vit_b_16,224,1,02,1,0.61111,0.64727,0.95347
HTP,per_env,vit_b_16,224,1,02,2,0.57407,0.56031,0.69332
HTP,per_env,vit_b_16,224,1,02,3,0.57407,0.56662,0.68954
HTP,per_env,vit_b_16,224,1,02,4,0.57407,0.62693,0.67853
HTP,per_env,vit_b_16,224,1,02,5,0.53704,0.60168,0.68308
HTP,per_env,vit_b_16,224,1,02,6,0.5,0.55961,0.66391
HTP,per_env,vit_b_16,224,1,02,7,0.5,0.55961,0.63442
HTP,per_env,vit_b_16,224,1,02,8,0.48148,0.54278,0.65103
HTP,per_env,vit_b_16,224,1,02,9,0.59259,0.57924,0.60929
HTP,per_env,vit_b_16,224,1,02,10,0.55556,0.58766,0.55664
HTP,per_env,vit_b_16,224,1,02,11,0.57407,0.60449,0.57488
HTP,per_env,vit_b_16,224,1,02,12,0.51852,0.57784,0.5099
HTP,per_env,vit_b_16,224,1,02,13,0.5,0.60028,0.47988
HTP,per_env,vit_b_16,224,1,02,14,0.57407,0.59607,0.48857
HTP,per_env,vit_b_16,224,1,02,15,0.55556,0.58065,0.45899
HTP,per_env,vit_b_16,224,1,02,16,0.57407,0.61992,0.39979
HTP,per_env,vit_b_16,224,1,02,17,0.48148,0.59467,0.33732
HTP,per_env,vit_b_16,224,1,02,18,0.46296,0.48107,0.42328
HTP,per_env,vit_b_16,224,1,02,19,0.55556,0.57784,0.3561
HTP,per_env,vit_b_16,224,1,02,20,0.55556,0.57363,0.31821
HTP,per_env,vit_b_16,224,1,02,21,0.51852,0.56101,0.34901
HTP,per_env,vit_b_16,224,1,02,22,0.46296,0.51473,0.26241
HTP,per_env,vit_b_16,224,1,02,23,0.51852,0.58626,0.28512
HTP,per_env,vit_b_16,224,1,02,24,0.53704,0.56311,0.26631
HTP,per_env,vit_b_16,224,1,02,25,0.53704,0.6129,0.33086
HTP,per_env,vit_b_16,224,1,02,26,0.51852,0.58205,0.24167
HTP,per_env,vit_b_16,224,1,02,27,0.5,0.5582,0.26563
HTP,per_env,vit_b_16,224,1,02,28,0.46296,0.53997,0.24429
HTP,per_env,vit_b_16,224,1,02,29,0.5,0.57363,0.17084
HTP,per_env,vit_b_16,224,1,02,30,0.53704,0.58205,0.17911
HTP,per_env,vit_b_16,224,1,02,31,0.5,0.57363,0.20122
HTP,per_env,vit_b_16,224,1,02,32,0.5,0.58065,0.22849
HTP,per_env,vit_b_16,224,1,02,33,0.55556,0.58345,0.18992
HTP,per_env,vit_b_16,224,1,02,34,0.5,0.5554,0.19511
HTP,per_env,vit_b_16,224,1,02,35,0.55556,0.5554,0.13737
HTP,per_env,vit_b_16,224,1,02,36,0.5,0.55259,0.20815
HTP,per_env,vit_b_16,224,1,02,37,0.5,0.57223,0.17328
HTP,per_env,vit_b_16,224,1,02,38,0.48148,0.54979,0.15284
HTP,per_env,vit_b_16,224,1,02,39,0.55556,0.57784,0.148
HTP,per_env,vit_b_16,224,1,02,40,0.53704,0.54979,0.24111
HTP,per_env,vit_b_16,224,1,02,41,0.55556,0.5568,0.19123
HTP,per_env,vit_b_16,224,1,02,42,0.46296,0.50351,0.15938
HTP,per_env,vit_b_16,224,1,02,43,0.57407,0.58626,0.23409
HTP,per_env,vit_b_16,224,1,02,44,0.53704,0.56101,0.21342
HTP,per_env,vit_b_16,224,1,02,45,0.53704,0.56802,0.1404
HTP,per_env,vit_b_16,224,1,02,46,0.55556,0.53857,0.11876
HTP,per_env,vit_b_16,224,1,02,47,0.55556,0.5568,0.15287
HTP,per_env,vit_b_16,224,1,02,48,0.55556,0.53997,0.1847
HTP,per_env,vit_b_16,224,1,02,49,0.5,0.53576,0.16583
HTP,per_env,vit_b_16,224,1,02,50,0.53704,0.5554,0.21391
HTP,per_env,vit_b_16,640,1,00,1,0.39726,0.47619,0.78129
HTP,per_env,vit_b_16,640,1,00,2,0.57534,0.57757,0.6878
HTP,per_env,vit_b_16,640,1,00,3,0.47945,0.63095,0.65299
HTP,per_env,vit_b_16,640,1,00,4,0.47945,0.6275,0.66735
HTP,per_env,vit_b_16,640,1,00,5,0.57534,0.61674,0.67025
HTP,per_env,vit_b_16,640,1,00,6,0.47945,0.63825,0.63196
HTP,per_env,vit_b_16,640,1,00,7,0.63014,0.65207,0.61794
HTP,per_env,vit_b_16,640,1,00,8,0.61644,0.63287,0.62449
HTP,per_env,vit_b_16,640,1,00,9,0.60274,0.65361,0.53884
HTP,per_env,vit_b_16,640,1,00,10,0.53425,0.65284,0.57512
HTP,per_env,vit_b_16,640,1,00,11,0.56164,0.61828,0.58317
HTP,per_env,vit_b_16,640,1,00,12,0.63014,0.69585,0.52562
HTP,per_env,vit_b_16,640,1,00,13,0.57534,0.65668,0.52557
HTP,per_env,vit_b_16,640,1,00,14,0.61644,0.65745,0.55202
HTP,per_env,vit_b_16,640,1,00,15,0.60274,0.70353,0.51405
HTP,per_env,vit_b_16,640,1,00,16,0.54795,0.6851,0.51417
HTP,per_env,vit_b_16,640,1,00,17,0.64384,0.72581,0.44163
HTP,per_env,vit_b_16,640,1,00,18,0.60274,0.66743,0.45198
HTP,per_env,vit_b_16,640,1,00,19,0.68493,0.74962,0.46415
HTP,per_env,vit_b_16,640,1,00,20,0.69863,0.74424,0.47485
HTP,per_env,vit_b_16,640,1,00,21,0.65753,0.72581,0.43315
HTP,per_env,vit_b_16,640,1,00,22,0.58904,0.7381,0.35932
HTP,per_env,vit_b_16,640,1,00,23,0.64384,0.69969,0.39357
HTP,per_env,vit_b_16,640,1,00,24,0.60274,0.72965,0.37228
HTP,per_env,vit_b_16,640,1,00,25,0.63014,0.6851,0.34677
HTP,per_env,vit_b_16,640,1,00,26,0.63014,0.69009,0.36121
HTP,per_env,vit_b_16,640,1,00,27,0.71233,0.7573,0.31357
HTP,per_env,vit_b_16,640,1,00,28,0.61644,0.73272,0.24825
HTP,per_env,vit_b_16,640,1,00,29,0.76712,0.77035,0.32269
HTP,per_env,vit_b_16,640,1,00,30,0.71233,0.78264,0.28641
HTP,per_env,vit_b_16,640,1,00,31,0.69863,0.7477,0.24187
HTP,per_env,vit_b_16,640,1,00,32,0.60274,0.67896,0.24983
HTP,per_env,vit_b_16,640,1,00,33,0.69863,0.75883,0.2379
HTP,per_env,vit_b_16,640,1,00,34,0.71233,0.76267,0.18297
HTP,per_env,vit_b_16,640,1,00,35,0.65753,0.73886,0.15947
HTP,per_env,vit_b_16,640,1,00,36,0.58904,0.72273,0.13777
HTP,per_env,vit_b_16,640,1,00,37,0.68493,0.73041,0.18738
HTP,per_env,vit_b_16,640,1,00,38,0.67123,0.7573,0.16061
HTP,per_env,vit_b_16,640,1,00,39,0.69863,0.81029,0.1421
HTP,per_env,vit_b_16,640,1,00,40,0.65753,0.76728,0.14061
HTP,per_env,vit_b_16,640,1,00,41,0.69863,0.77343,0.15498
HTP,per_env,vit_b_16,640,1,00,42,0.67123,0.73656,0.12711
HTP,per_env,vit_b_16,640,1,00,43,0.71233,0.76037,0.13576
HTP,per_env,vit_b_16,640,1,00,44,0.67123,0.74501,0.08203
HTP,per_env,vit_b_16,640,1,00,45,0.79452,0.79109,0.09991
HTP,per_env,vit_b_16,640,1,00,46,0.68493,0.72657,0.1316
HTP,per_env,vit_b_16,640,1,00,47,0.65753,0.75038,0.11748
HTP,per_env,vit_b_16,640,1,00,48,0.67123,0.72965,0.07852
HTP,per_env,vit_b_16,640,1,00,49,0.60274,0.67665,0.07478
HTP,per_env,vit_b_16,640,1,00,50,0.60274,0.73272,0.10546
HTP,per_env,vit_b_16,640,1,01,1,0.77143,0.92344,0.60273
HTP,per_env,vit_b_16,640,1,01,2,0.57143,0.94122,0.47436
HTP,per_env,vit_b_16,640,1,01,3,0.91429,0.95755,0.35363
HTP,per_env,vit_b_16,640,1,01,4,0.81905,0.94956,0.3238
HTP,per_env,vit_b_16,640,1,01,5,0.8381,0.91763,0.30887
HTP,per_env,vit_b_16,640,1,01,6,0.79048,0.94013,0.29786
HTP,per_env,vit_b_16,640,1,01,7,0.87619,0.95319,0.25404
HTP,per_env,vit_b_16,640,1,01,8,0.90476,0.94811,0.21713
HTP,per_env,vit_b_16,640,1,01,9,0.85714,0.93904,0.20659
HTP,per_env,vit_b_16,640,1,01,10,0.90476,0.93433,0.16088
HTP,per_env,vit_b_16,640,1,01,11,0.87619,0.93977,0.16279
HTP,per_env,vit_b_16,640,1,01,12,0.91429,0.94557,0.1996
HTP,per_env,vit_b_16,640,1,01,13,0.87619,0.93396,0.1714
HTP,per_env,vit_b_16,640,1,01,14,0.88571,0.9356,0.1387
HTP,per_env,vit_b_16,640,1,01,15,0.90476,0.93106,0.21526
HTP,per_env,vit_b_16,640,1,01,16,0.79048,0.8828,0.13364
HTP,per_env,vit_b_16,640,1,01,17,0.90476,0.92779,0.19071
HTP,per_env,vit_b_16,640,1,01,18,0.84762,0.9336,0.12354
HTP,per_env,vit_b_16,640,1,01,19,0.7619,0.92235,0.15999
HTP,per_env,vit_b_16,640,1,01,20,0.86667,0.92979,0.11886
HTP,per_env,vit_b_16,640,1,01,21,0.85714,0.90167,0.13819
HTP,per_env,vit_b_16,640,1,01,22,0.92381,0.9434,0.16504
HTP,per_env,vit_b_16,640,1,01,23,0.86667,0.94485,0.1044
HTP,per_env,vit_b_16,640,1,01,24,0.88571,0.93324,0.1476
HTP,per_env,vit_b_16,640,1,01,25,0.87619,0.93469,0.07295
HTP,per_env,vit_b_16,640,1,01,26,0.81905,0.89731,0.10291
HTP,per_env,vit_b_16,640,1,01,27,0.92381,0.9365,0.10929
HTP,per_env,vit_b_16,640,1,01,28,0.85714,0.93251,0.05034
HTP,per_env,vit_b_16,640,1,01,29,0.8,0.92036,0.20545
HTP,per_env,vit_b_16,640,1,01,30,0.85714,0.94049,0.15148
HTP,per_env,vit_b_16,640,1,01,31,0.89524,0.93868,0.07271
HTP,per_env,vit_b_16,640,1,01,32,0.87619,0.94267,0.09054
HTP,per_env,vit_b_16,640,1,01,33,0.90476,0.92961,0.07796
HTP,per_env,vit_b_16,640,1,01,34,0.87619,0.94521,0.03703
HTP,per_env,vit_b_16,640,1,01,35,0.82857,0.94956,0.10832
HTP,per_env,vit_b_16,640,1,01,36,0.90476,0.95065,0.12653
HTP,per_env,vit_b_16,640,1,01,37,0.91429,0.95102,0.09617
HTP,per_env,vit_b_16,640,1,01,38,0.86667,0.95247,0.08328
HTP,per_env,vit_b_16,640,1,01,39,0.87619,0.94956,0.11631
HTP,per_env,vit_b_16,640,1,01,40,0.87619,0.92271,0.1243
HTP,per_env,vit_b_16,640,1,01,41,0.8381,0.94884,0.13584
HTP,per_env,vit_b_16,640,1,01,42,0.82857,0.94866,0.11107
HTP,per_env,vit_b_16,640,1,01,43,0.86667,0.93433,0.05743
HTP,per_env,vit_b_16,640,1,01,44,0.87619,0.94993,0.11756
HTP,per_env,vit_b_16,640,1,01,45,0.88571,0.94303,0.04311
HTP,per_env,vit_b_16,640,1,01,46,0.92381,0.95755,0.04065
HTP,per_env,vit_b_16,640,1,01,47,0.90476,0.94848,0.03651
HTP,per_env,vit_b_16,640,1,01,48,0.90476,0.93505,0.08826
HTP,per_env,vit_b_16,640,1,01,49,0.85714,0.95138,0.07231
HTP,per_env,vit_b_16,640,1,01,50,0.88571,0.9307,0.07964
HTP,per_env,vit_b_16,640,1,02,1,0.57407,0.62973,0.78364
HTP,per_env,vit_b_16,640,1,02,2,0.57407,0.67181,0.69273
HTP,per_env,vit_b_16,640,1,02,3,0.59259,0.64236,0.67522
HTP,per_env,vit_b_16,640,1,02,4,0.55556,0.64516,0.62731
HTP,per_env,vit_b_16,640,1,02,5,0.57407,0.68163,0.62296
HTP,per_env,vit_b_16,640,1,02,6,0.62963,0.69846,0.61404
HTP,per_env,vit_b_16,640,1,02,7,0.61111,0.70056,0.56332
HTP,per_env,vit_b_16,640,1,02,8,0.61111,0.65778,0.52138
HTP,per_env,vit_b_16,640,1,02,9,0.5,0.63254,0.4649
HTP,per_env,vit_b_16,640,1,02,10,0.51852,0.6676,0.49947
HTP,per_env,vit_b_16,640,1,02,11,0.51852,0.61711,0.3918
HTP,per_env,vit_b_16,640,1,02,12,0.51852,0.59607,0.3009
HTP,per_env,vit_b_16,640,1,02,13,0.59259,0.61851,0.37927
HTP,per_env,vit_b_16,640,1,02,14,0.55556,0.62482,0.28186
HTP,per_env,vit_b_16,640,1,02,15,0.57407,0.61641,0.26754
HTP,per_env,vit_b_16,640,1,02,16,0.61111,0.69285,0.23395
HTP,per_env,vit_b_16,640,1,02,17,0.55556,0.63394,0.19332
HTP,per_env,vit_b_16,640,1,02,18,0.51852,0.58205,0.2518
HTP,per_env,vit_b_16,640,1,02,19,0.64815,0.62693,0.26876
HTP,per_env,vit_b_16,640,1,02,20,0.51852,0.57363,0.24959
HTP,per_env,vit_b_16,640,1,02,21,0.57407,0.59327,0.15358
HTP,per_env,vit_b_16,640,1,02,22,0.53704,0.56381,0.16149
HTP,per_env,vit_b_16,640,1,02,23,0.5,0.63394,0.1681
HTP,per_env,vit_b_16,640,1,02,24,0.55556,0.53717,0.14319
HTP,per_env,vit_b_16,640,1,02,25,0.51852,0.56241,0.1456
HTP,per_env,vit_b_16,640,1,02,26,0.51852,0.57013,0.11053
HTP,per_env,vit_b_16,640,1,02,27,0.51852,0.61711,0.11562
HTP,per_env,vit_b_16,640,1,02,28,0.55556,0.61992,0.14105
HTP,per_env,vit_b_16,640,1,02,29,0.51852,0.56101,0.2003
HTP,per_env,vit_b_16,640,1,02,30,0.61111,0.64516,0.18701
HTP,per_env,vit_b_16,640,1,02,31,0.57407,0.62833,0.23607
HTP,per_env,vit_b_16,640,1,02,32,0.53704,0.61431,0.11363
HTP,per_env,vit_b_16,640,1,02,33,0.5,0.61431,0.12811
HTP,per_env,vit_b_16,640,1,02,34,0.48148,0.55961,0.16481
HTP,per_env,vit_b_16,640,1,02,35,0.46296,0.58205,0.14578
HTP,per_env,vit_b_16,640,1,02,36,0.46296,0.56662,0.1985
HTP,per_env,vit_b_16,640,1,02,37,0.57407,0.63815,0.10299
HTP,per_env,vit_b_16,640,1,02,38,0.53704,0.58065,0.11751
HTP,per_env,vit_b_16,640,1,02,39,0.51852,0.61571,0.06568
HTP,per_env,vit_b_16,640,1,02,40,0.57407,0.60449,0.09556
HTP,per_env,vit_b_16,640,1,02,41,0.53704,0.63254,0.15835
HTP,per_env,vit_b_16,640,1,02,42,0.53704,0.60589,0.10504
HTP,per_env,vit_b_16,640,1,02,43,0.61111,0.65638,0.11393
HTP,per_env,vit_b_16,640,1,02,44,0.51852,0.59327,0.13238
HTP,per_env,vit_b_16,640,1,02,45,0.53704,0.62132,0.13909
HTP,per_env,vit_b_16,640,1,02,46,0.53704,0.61711,0.08816
HTP,per_env,vit_b_16,640,1,02,47,0.55556,0.62553,0.08198
HTP,per_env,vit_b_16,640,1,02,48,0.55556,0.60028,0.04819
HTP,per_env,vit_b_16,640,1,02,49,0.57407,0.60028,0.06231
HTP,per_env,vit_b_16,640,1,02,50,0.48148,0.5582,0.10567
HTP,per_env,vit_b_16,224,2,00,1,0.57534,0.46697,0.89836
HTP,per_env,vit_b_16,224,2,00,2,0.57534,0.47581,0.70087
HTP,per_env,vit_b_16,224,2,00,3,0.57534,0.43587,0.69615
HTP,per_env,vit_b_16,224,2,00,4,0.57534,0.45315,0.68734
HTP,per_env,vit_b_16,224,2,00,5,0.57534,0.43241,0.68235
HTP,per_env,vit_b_16,224,2,00,6,0.57534,0.447,0.67404
HTP,per_env,vit_b_16,224,2,00,7,0.57534,0.46467,0.68381
HTP,per_env,vit_b_16,224,2,00,8,0.50685,0.48387,0.66322
HTP,per_env,vit_b_16,224,2,00,9,0.57534,0.45661,0.69232
HTP,per_env,vit_b_16,224,2,00,10,0.47945,0.4255,0.70043
HTP,per_env,vit_b_16,224,2,00,11,0.57534,0.46198,0.65707
HTP,per_env,vit_b_16,224,2,00,12,0.49315,0.42742,0.68028
HTP,per_env,vit_b_16,224,2,00,13,0.57534,0.51536,0.67868
HTP,per_env,vit_b_16,224,2,00,14,0.46575,0.46928,0.65763
HTP,per_env,vit_b_16,224,2,00,15,0.56164,0.49117,0.65583
HTP,per_env,vit_b_16,224,2,00,16,0.56164,0.62673,0.65846
HTP,per_env,vit_b_16,224,2,00,17,0.57534,0.59831,0.67066
HTP,per_env,vit_b_16,224,2,00,18,0.57534,0.56068,0.64986
HTP,per_env,vit_b_16,224,2,00,19,0.43836,0.54455,0.65326
HTP,per_env,vit_b_16,224,2,00,20,0.57534,0.54455,0.64248
HTP,per_env,vit_b_16,224,2,00,21,0.56164,0.53111,0.63401
HTP,per_env,vit_b_16,224,2,00,22,0.58904,0.56221,0.6313
HTP,per_env,vit_b_16,224,2,00,23,0.46575,0.51229,0.65067
HTP,per_env,vit_b_16,224,2,00,24,0.61644,0.61367,0.63314
HTP,per_env,vit_b_16,224,2,00,25,0.61644,0.65745,0.61385
HTP,per_env,vit_b_16,224,2,00,26,0.53425,0.56029,0.67282
HTP,per_env,vit_b_16,224,2,00,27,0.57534,0.49731,0.64657
HTP,per_env,vit_b_16,224,2,00,28,0.64384,0.57988,0.65272
HTP,per_env,vit_b_16,224,2,00,29,0.61644,0.60522,0.61345
HTP,per_env,vit_b_16,224,2,00,30,0.46575,0.62058,0.61028
HTP,per_env,vit_b_16,224,2,00,31,0.54795,0.548,0.66618
HTP,per_env,vit_b_16,224,2,00,32,0.46575,0.61022,0.64072
HTP,per_env,vit_b_16,224,2,00,33,0.69863,0.69739,0.6117
HTP,per_env,vit_b_16,224,2,00,34,0.63014,0.59677,0.61936
HTP,per_env,vit_b_16,224,2,00,35,0.60274,0.64132,0.62942
HTP,per_env,vit_b_16,224,2,00,36,0.54795,0.53418,0.64323
HTP,per_env,vit_b_16,224,2,00,37,0.56164,0.59677,0.63495
HTP,per_env,vit_b_16,224,2,00,38,0.61644,0.64401,0.60941
HTP,per_env,vit_b_16,224,2,00,39,0.64384,0.67512,0.59368
HTP,per_env,vit_b_16,224,2,00,40,0.64384,0.67588,0.60561
HTP,per_env,vit_b_16,224,2,00,41,0.57534,0.65783,0.61103
HTP,per_env,vit_b_16,224,2,00,42,0.58904,0.66244,0.5943
HTP,per_env,vit_b_16,224,2,00,43,0.61644,0.66667,0.59905
HTP,per_env,vit_b_16,224,2,00,44,0.60274,0.60714,0.60253
HTP,per_env,vit_b_16,224,2,00,45,0.63014,0.62673,0.59407
HTP,per_env,vit_b_16,224,2,00,46,0.61644,0.67051,0.57805
HTP,per_env,vit_b_16,224,2,00,47,0.60274,0.55376,0.55668
HTP,per_env,vit_b_16,224,2,00,48,0.65753,0.70814,0.58126
HTP,per_env,vit_b_16,224,2,00,49,0.54795,0.60061,0.55892
HTP,per_env,vit_b_16,224,2,00,50,0.60274,0.67204,0.54574
HTP,per_env,vit_b_16,224,2,01,1,0.50476,0.76451,0.69416
HTP,per_env,vit_b_16,224,2,01,2,0.62857,0.79445,0.71234
HTP,per_env,vit_b_16,224,2,01,3,0.7619,0.86974,0.65717
HTP,per_env,vit_b_16,224,2,01,4,0.77143,0.84035,0.60426
HTP,per_env,vit_b_16,224,2,01,5,0.8381,0.96172,0.58356
HTP,per_env,vit_b_16,224,2,01,6,0.72381,0.84343,0.58612
HTP,per_env,vit_b_16,224,2,01,7,0.8,0.9746,0.53671
HTP,per_env,vit_b_16,224,2,01,8,0.88571,0.95138,0.41037
HTP,per_env,vit_b_16,224,2,01,9,0.85714,0.93904,0.46573
HTP,per_env,vit_b_16,224,2,01,10,0.90476,0.97097,0.47721
HTP,per_env,vit_b_16,224,2,01,11,0.73333,0.93614,0.40546
HTP,per_env,vit_b_16,224,2,01,12,0.89524,0.97968,0.37932
HTP,per_env,vit_b_16,224,2,01,13,0.88571,0.9824,0.3542
HTP,per_env,vit_b_16,224,2,01,14,0.87619,0.98077,0.29469
HTP,per_env,vit_b_16,224,2,01,15,0.89524,0.96263,0.28886
HTP,per_env,vit_b_16,224,2,01,16,0.86667,0.96807,0.30045
HTP,per_env,vit_b_16,224,2,01,17,0.8381,0.93287,0.29641
HTP,per_env,vit_b_16,224,2,01,18,0.87619,0.95972,0.29012
HTP,per_env,vit_b_16,224,2,01,19,0.90476,0.96807,0.31807
HTP,per_env,vit_b_16,224,2,01,20,0.86667,0.97678,0.25829
HTP,per_env,vit_b_16,224,2,01,21,0.91429,0.97533,0.22827
HTP,per_env,vit_b_16,224,2,01,22,0.81905,0.95972,0.26823
HTP,per_env,vit_b_16,224,2,01,23,0.85714,0.93977,0.21599
HTP,per_env,vit_b_16,224,2,01,24,0.91429,0.97533,0.2256
HTP,per_env,vit_b_16,224,2,01,25,0.90476,0.97388,0.24024
HTP,per_env,vit_b_16,224,2,01,26,0.92381,0.95319,0.23441
HTP,per_env,vit_b_16,224,2,01,27,0.8381,0.9619,0.17361
HTP,per_env,vit_b_16,224,2,01,28,0.89524,0.93868,0.29058
HTP,per_env,vit_b_16,224,2,01,29,0.90476,0.97787,0.18658
HTP,per_env,vit_b_16,224,2,01,30,0.86667,0.97206,0.23271
HTP,per_env,vit_b_16,224,2,01,31,0.90476,0.96335,0.19933
HTP,per_env,vit_b_16,224,2,01,32,0.86667,0.97134,0.17414
HTP,per_env,vit_b_16,224,2,01,33,0.84762,0.94376,0.21518
HTP,per_env,vit_b_16,224,2,01,34,0.86667,0.95464,0.2444
HTP,per_env,vit_b_16,224,2,01,35,0.90476,0.94739,0.19623
HTP,per_env,vit_b_16,224,2,01,36,0.90476,0.96118,0.20892
HTP,per_env,vit_b_16,224,2,01,37,0.92381,0.96626,0.20344
HTP,per_env,vit_b_16,224,2,01,38,0.81905,0.96154,0.18883
HTP,per_env,vit_b_16,224,2,01,39,0.85714,0.95156,0.13082
HTP,per_env,vit_b_16,224,2,01,40,0.88571,0.95972,0.16483
HTP,per_env,vit_b_16,224,2,01,41,0.79048,0.94848,0.17782
HTP,per_env,vit_b_16,224,2,01,42,0.8381,0.94158,0.1553
HTP,per_env,vit_b_16,224,2,01,43,0.86667,0.95537,0.14189
HTP,per_env,vit_b_16,224,2,01,44,0.79048,0.89877,0.14955
HTP,per_env,vit_b_16,224,2,01,45,0.87619,0.90403,0.18041
HTP,per_env,vit_b_16,224,2,01,46,0.87619,0.92344,0.18703
HTP,per_env,vit_b_16,224,2,01,47,0.8381,0.93469,0.15245
HTP,per_env,vit_b_16,224,2,01,48,0.87619,0.95029,0.13906
HTP,per_env,vit_b_16,224,2,01,49,0.8381,0.93922,0.15305
HTP,per_env,vit_b_16,224,2,01,50,0.88571,0.94249,0.1455
HTP,per_env,vit_b_16,224,2,02,1,0.57407,0.72651,0.80162
HTP,per_env,vit_b_16,224,2,02,2,0.57407,0.57504,0.68264
HTP,per_env,vit_b_16,224,2,02,3,0.57407,0.57363,0.66846
HTP,per_env,vit_b_16,224,2,02,4,0.53704,0.57924,0.64422
HTP,per_env,vit_b_16,224,2,02,5,0.48148,0.72861,0.64477
HTP,per_env,vit_b_16,224,2,02,6,0.59259,0.66199,0.66689
HTP,per_env,vit_b_16,224,2,02,7,0.57407,0.6676,0.64525
HTP,per_env,vit_b_16,224,2,02,8,0.61111,0.64656,0.6628
HTP,per_env,vit_b_16,224,2,02,9,0.59259,0.65498,0.61501
HTP,per_env,vit_b_16,224,2,02,10,0.62963,0.60729,0.53609
HTP,per_env,vit_b_16,224,2,02,11,0.59259,0.68864,0.52169
HTP,per_env,vit_b_16,224,2,02,12,0.59259,0.64095,0.41316
HTP,per_env,vit_b_16,224,2,02,13,0.64815,0.69425,0.47208
HTP,per_env,vit_b_16,224,2,02,14,0.55556,0.59607,0.3651
HTP,per_env,vit_b_16,224,2,02,15,0.55556,0.63394,0.369
HTP,per_env,vit_b_16,224,2,02,16,0.57407,0.56522,0.31133
HTP,per_env,vit_b_16,224,2,02,17,0.64815,0.67041,0.29491
HTP,per_env,vit_b_16,224,2,02,18,0.7037,0.65358,0.23554
HTP,per_env,vit_b_16,224,2,02,19,0.62963,0.63114,0.21488
HTP,per_env,vit_b_16,224,2,02,20,0.59259,0.60729,0.33443
HTP,per_env,vit_b_16,224,2,02,21,0.57407,0.61571,0.19779
HTP,per_env,vit_b_16,224,2,02,22,0.55556,0.64797,0.20614
HTP,per_env,vit_b_16,224,2,02,23,0.57407,0.63394,0.2909
HTP,per_env,vit_b_16,224,2,02,24,0.55556,0.60309,0.22115
HTP,per_env,vit_b_16,224,2,02,25,0.51852,0.61571,0.21621
HTP,per_env,vit_b_16,224,2,02,26,0.59259,0.60168,0.2007
HTP,per_env,vit_b_16,224,2,02,27,0.57407,0.60309,0.21113
HTP,per_env,vit_b_16,224,2,02,28,0.59259,0.60168,0.18694
HTP,per_env,vit_b_16,224,2,02,29,0.55556,0.58906,0.18895
HTP,per_env,vit_b_16,224,2,02,30,0.57407,0.61431,0.13958
HTP,per_env,vit_b_16,224,2,02,31,0.53704,0.54418,0.15805
HTP,per_env,vit_b_16,224,2,02,32,0.55556,0.54137,0.11284
HTP,per_env,vit_b_16,224,2,02,33,0.55556,0.56942,0.14213
HTP,per_env,vit_b_16,224,2,02,34,0.61111,0.59467,0.11342
HTP,per_env,vit_b_16,224,2,02,35,0.62963,0.63114,0.11828
HTP,per_env,vit_b_16,224,2,02,36,0.59259,0.59187,0.10421
HTP,per_env,vit_b_16,224,2,02,37,0.59259,0.60028,0.18244
HTP,per_env,vit_b_16,224,2,02,38,0.59259,0.64236,0.19141
HTP,per_env,vit_b_16,224,2,02,39,0.53704,0.59046,0.13057
HTP,per_env,vit_b_16,224,2,02,40,0.61111,0.62342,0.15387
HTP,per_env,vit_b_16,224,2,02,41,0.57407,0.6101,0.0889
HTP,per_env,vit_b_16,224,2,02,42,0.59259,0.62693,0.12412
HTP,per_env,vit_b_16,224,2,02,43,0.55556,0.60799,0.17188
HTP,per_env,vit_b_16,224,2,02,44,0.59259,0.60309,0.13004
HTP,per_env,vit_b_16,224,2,02,45,0.55556,0.62973,0.17629
HTP,per_env,vit_b_16,224,2,02,46,0.61111,0.64937,0.09322
HTP,per_env,vit_b_16,224,2,02,47,0.62963,0.65638,0.13027
HTP,per_env,vit_b_16,224,2,02,48,0.61111,0.62132,0.12119
HTP,per_env,vit_b_16,224,2,02,49,0.57407,0.57924,0.12896
HTP,per_env,vit_b_16,224,2,02,50,0.55556,0.554,0.11996
HTP,per_env,vit_b_16,640,2,00,1,0.57534,0.47773,0.82824
HTP,per_env,vit_b_16,640,2,00,2,0.56164,0.4278,0.67346
HTP,per_env,vit_b_16,640,2,00,3,0.45205,0.65438,0.67109
HTP,per_env,vit_b_16,640,2,00,4,0.56164,0.50768,0.68117
HTP,per_env,vit_b_16,640,2,00,5,0.58904,0.59908,0.66504
HTP,per_env,vit_b_16,640,2,00,6,0.56164,0.54032,0.65904
HTP,per_env,vit_b_16,640,2,00,7,0.56164,0.51421,0.6629
HTP,per_env,vit_b_16,640,2,00,8,0.61644,0.6467,0.63732
HTP,per_env,vit_b_16,640,2,00,9,0.57534,0.5,0.59116
HTP,per_env,vit_b_16,640,2,00,10,0.56164,0.52266,0.6412
HTP,per_env,vit_b_16,640,2,00,11,0.58904,0.59985,0.67128
HTP,per_env,vit_b_16,640,2,00,12,0.58904,0.62519,0.63871
HTP,per_env,vit_b_16,640,2,00,13,0.68493,0.69432,0.61565
HTP,per_env,vit_b_16,640,2,00,14,0.49315,0.64209,0.58113
HTP,per_env,vit_b_16,640,2,00,15,0.57534,0.72657,0.60112
HTP,per_env,vit_b_16,640,2,00,16,0.57534,0.649,0.57025
HTP,per_env,vit_b_16,640,2,00,17,0.52055,0.52995,0.5746
HTP,per_env,vit_b_16,640,2,00,18,0.61644,0.61521,0.56902
HTP,per_env,vit_b_16,640,2,00,19,0.58904,0.49693,0.5798
HTP,per_env,vit_b_16,640,2,00,20,0.60274,0.64286,0.61719
HTP,per_env,vit_b_16,640,2,00,21,0.60274,0.57143,0.58562
HTP,per_env,vit_b_16,640,2,00,22,0.61644,0.63441,0.52394
HTP,per_env,vit_b_16,640,2,00,23,0.45205,0.57604,0.57851
HTP,per_env,vit_b_16,640,2,00,24,0.50685,0.64516,0.58932
HTP,per_env,vit_b_16,640,2,00,25,0.57534,0.63671,0.57615
HTP,per_env,vit_b_16,640,2,00,26,0.60274,0.65515,0.47418
HTP,per_env,vit_b_16,640,2,00,27,0.68493,0.70968,0.52758
HTP,per_env,vit_b_16,640,2,00,28,0.63014,0.65438,0.49511
HTP,per_env,vit_b_16,640,2,00,29,0.63014,0.59063,0.47576
HTP,per_env,vit_b_16,640,2,00,30,0.60274,0.71429,0.51022
HTP,per_env,vit_b_16,640,2,00,31,0.67123,0.74347,0.48898
HTP,per_env,vit_b_16,640,2,00,32,0.69863,0.71505,0.45038
HTP,per_env,vit_b_16,640,2,00,33,0.58904,0.71966,0.51266
HTP,per_env,vit_b_16,640,2,00,34,0.58904,0.64593,0.50133
HTP,per_env,vit_b_16,640,2,00,35,0.64384,0.72043,0.45353
HTP,per_env,vit_b_16,640,2,00,36,0.73973,0.72734,0.39593
HTP,per_env,vit_b_16,640,2,00,37,0.67123,0.69739,0.42842
HTP,per_env,vit_b_16,640,2,00,38,0.63014,0.64516,0.41078
HTP,per_env,vit_b_16,640,2,00,39,0.67123,0.74117,0.38509
HTP,per_env,vit_b_16,640,2,00,40,0.69863,0.75806,0.34946
HTP,per_env,vit_b_16,640,2,00,41,0.71233,0.70968,0.36284
HTP,per_env,vit_b_16,640,2,00,42,0.60274,0.68894,0.34265
HTP,per_env,vit_b_16,640,2,00,43,0.65753,0.71045,0.48842
HTP,per_env,vit_b_16,640,2,00,44,0.64384,0.71736,0.37595
HTP,per_env,vit_b_16,640,2,00,45,0.65753,0.70661,0.40041
HTP,per_env,vit_b_16,640,2,00,46,0.65753,0.73272,0.28527
HTP,per_env,vit_b_16,640,2,00,47,0.71233,0.75653,0.2685
HTP,per_env,vit_b_16,640,2,00,48,0.71233,0.75499,0.32334
HTP,per_env,vit_b_16,640,2,00,49,0.64384,0.70353,0.28692
HTP,per_env,vit_b_16,640,2,00,50,0.69863,0.72811,0.2581
HTP,per_env,vit_b_16,640,2,01,1,0.51429,0.77431,0.76343
HTP,per_env,vit_b_16,640,2,01,2,0.59048,0.83726,0.70156
HTP,per_env,vit_b_16,640,2,01,3,0.78095,0.90965,0.6501
HTP,per_env,vit_b_16,640,2,01,4,0.86667,0.95356,0.55829
HTP,per_env,vit_b_16,640,2,01,5,0.91429,0.97424,0.46599
HTP,per_env,vit_b_16,640,2,01,6,0.7619,0.93759,0.38705
HTP,per_env,vit_b_16,640,2,01,7,0.62857,0.92598,0.46445
HTP,per_env,vit_b_16,640,2,01,8,0.77143,0.90566,0.4001
HTP,per_env,vit_b_16,640,2,01,9,0.87619,0.96843,0.35283
HTP,per_env,vit_b_16,640,2,01,10,0.90476,0.98512,0.27494
HTP,per_env,vit_b_16,640,2,01,11,0.90476,0.9746,0.43271
HTP,per_env,vit_b_16,640,2,01,12,0.86667,0.96771,0.28323
HTP,per_env,vit_b_16,640,2,01,13,0.84762,0.98512,0.22062
HTP,per_env,vit_b_16,640,2,01,14,0.85714,0.96553,0.25801
HTP,per_env,vit_b_16,640,2,01,15,0.90476,0.96517,0.20752
HTP,per_env,vit_b_16,640,2,01,16,0.85714,0.95936,0.21968
HTP,per_env,vit_b_16,640,2,01,17,0.92381,0.9717,0.2597
HTP,per_env,vit_b_16,640,2,01,18,0.90476,0.95428,0.17291
HTP,per_env,vit_b_16,640,2,01,19,0.91429,0.9688,0.15492
HTP,per_env,vit_b_16,640,2,01,20,0.86667,0.96009,0.12732
HTP,per_env,vit_b_16,640,2,01,21,0.86667,0.96009,0.1388
HTP,per_env,vit_b_16,640,2,01,22,0.7619,0.92634,0.19667
HTP,per_env,vit_b_16,640,2,01,23,0.88571,0.96662,0.18498
HTP,per_env,vit_b_16,640,2,01,24,0.86667,0.94231,0.11422
HTP,per_env,vit_b_16,640,2,01,25,0.79048,0.93578,0.14887
HTP,per_env,vit_b_16,640,2,01,26,0.82857,0.92961,0.10652
HTP,per_env,vit_b_16,640,2,01,27,0.90476,0.96807,0.14023
HTP,per_env,vit_b_16,640,2,01,28,0.87619,0.94884,0.09693
HTP,per_env,vit_b_16,640,2,01,29,0.85714,0.94557,0.14959
HTP,per_env,vit_b_16,640,2,01,30,0.8381,0.94412,0.13197
HTP,per_env,vit_b_16,640,2,01,31,0.85714,0.96009,0.11715
HTP,per_env,vit_b_16,640,2,01,32,0.89524,0.94775,0.1447
HTP,per_env,vit_b_16,640,2,01,33,0.91429,0.96698,0.12408
HTP,per_env,vit_b_16,640,2,01,34,0.88571,0.94594,0.2997
HTP,per_env,vit_b_16,640,2,01,35,0.88571,0.96118,0.09208
HTP,per_env,vit_b_16,640,2,01,36,0.85714,0.94811,0.11091
HTP,per_env,vit_b_16,640,2,01,37,0.79048,0.94412,0.1332
HTP,per_env,vit_b_16,640,2,01,38,0.84762,0.95428,0.08339
HTP,per_env,vit_b_16,640,2,01,39,0.8,0.94303,0.06215
HTP,per_env,vit_b_16,640,2,01,40,0.77143,0.93922,0.13726
HTP,per_env,vit_b_16,640,2,01,41,0.84762,0.95029,0.12806
HTP,per_env,vit_b_16,640,2,01,42,0.85714,0.95065,0.09097
HTP,per_env,vit_b_16,640,2,01,43,0.84762,0.9492,0.039
HTP,per_env,vit_b_16,640,2,01,44,0.8381,0.94993,0.07491
HTP,per_env,vit_b_16,640,2,01,45,0.89524,0.96372,0.10971
HTP,per_env,vit_b_16,640,2,01,46,0.89524,0.95501,0.14637
HTP,per_env,vit_b_16,640,2,01,47,0.91429,0.96807,0.07267
HTP,per_env,vit_b_16,640,2,01,48,0.87619,0.95682,0.06595
HTP,per_env,vit_b_16,640,2,01,49,0.90476,0.96662,0.02644
HTP,per_env,vit_b_16,640,2,01,50,0.87619,0.95065,0.06838
HTP,per_env,vit_b_16,640,2,02,1,0.61111,0.61781,0.73698
HTP,per_env,vit_b_16,640,2,02,2,0.55556,0.61992,0.64161
HTP,per_env,vit_b_16,640,2,02,3,0.55556,0.64376,0.66862
HTP,per_env,vit_b_16,640,2,02,4,0.55556,0.59046,0.63341
HTP,per_env,vit_b_16,640,2,02,5,0.53704,0.63534,0.58342
HTP,per_env,vit_b_16,640,2,02,6,0.62963,0.69705,0.55493
HTP,per_env,vit_b_16,640,2,02,7,0.62963,0.62132,0.43335
HTP,per_env,vit_b_16,640,2,02,8,0.59259,0.64236,0.50874
HTP,per_env,vit_b_16,640,2,02,9,0.55556,0.56732,0.37905
HTP,per_env,vit_b_16,640,2,02,10,0.48148,0.60449,0.35671
HTP,per_env,vit_b_16,640,2,02,11,0.55556,0.52735,0.30406
HTP,per_env,vit_b_16,640,2,02,12,0.55556,0.64797,0.27672
HTP,per_env,vit_b_16,640,2,02,13,0.57407,0.62553,0.23012
HTP,per_env,vit_b_16,640,2,02,14,0.57407,0.64236,0.154
HTP,per_env,vit_b_16,640,2,02,15,0.57407,0.63254,0.10783
HTP,per_env,vit_b_16,640,2,02,16,0.61111,0.6662,0.22674
HTP,per_env,vit_b_16,640,2,02,17,0.48148,0.68022,0.17283
HTP,per_env,vit_b_16,640,2,02,18,0.61111,0.6101,0.19248
HTP,per_env,vit_b_16,640,2,02,19,0.62963,0.61431,0.14485
HTP,per_env,vit_b_16,640,2,02,20,0.61111,0.64516,0.09433
HTP,per_env,vit_b_16,640,2,02,21,0.55556,0.6648,0.15604
HTP,per_env,vit_b_16,640,2,02,22,0.62963,0.67041,0.21592
HTP,per_env,vit_b_16,640,2,02,23,0.59259,0.65217,0.14125
HTP,per_env,vit_b_16,640,2,02,24,0.59259,0.65849,0.10943
HTP,per_env,vit_b_16,640,2,02,25,0.57407,0.61851,0.12018
HTP,per_env,vit_b_16,640,2,02,26,0.55556,0.59467,0.07783
HTP,per_env,vit_b_16,640,2,02,27,0.61111,0.62272,0.11659
HTP,per_env,vit_b_16,640,2,02,28,0.53704,0.59467,0.13863
HTP,per_env,vit_b_16,640,2,02,29,0.64815,0.63534,0.13745
HTP,per_env,vit_b_16,640,2,02,30,0.62963,0.61571,0.0664
HTP,per_env,vit_b_16,640,2,02,31,0.57407,0.61992,0.06229
HTP,per_env,vit_b_16,640,2,02,32,0.5,0.61992,0.08603
HTP,per_env,vit_b_16,640,2,02,33,0.55556,0.60589,0.18386
HTP,per_env,vit_b_16,640,2,02,34,0.57407,0.58345,0.13371
HTP,per_env,vit_b_16,640,2,02,35,0.62963,0.63675,0.07267
HTP,per_env,vit_b_16,640,2,02,36,0.64815,0.6087,0.05593
HTP,per_env,vit_b_16,640,2,02,37,0.61111,0.59748,0.06875
HTP,per_env,vit_b_16,640,2,02,38,0.62963,0.66199,0.0711
HTP,per_env,vit_b_16,640,2,02,39,0.62963,0.66339,0.06187
HTP,per_env,vit_b_16,640,2,02,40,0.61111,0.6648,0.14477
HTP,per_env,vit_b_16,640,2,02,41,0.64815,0.68724,0.09516
HTP,per_env,vit_b_16,640,2,02,42,0.62963,0.71248,0.07126
HTP,per_env,vit_b_16,640,2,02,43,0.64815,0.62132,0.05949
HTP,per_env,vit_b_16,640,2,02,44,0.57407,0.64937,0.0524
HTP,per_env,vit_b_16,640,2,02,45,0.61111,0.62833,0.06257
HTP,per_env,vit_b_16,640,2,02,46,0.51852,0.63815,0.06018
HTP,per_env,vit_b_16,640,2,02,47,0.51852,0.56942,0.13258
HTP,per_env,vit_b_16,640,2,02,48,0.59259,0.62833,0.08052
HTP,per_env,vit_b_16,640,2,02,49,0.62963,0.62412,0.06923
HTP,per_env,vit_b_16,640,2,02,50,0.55556,0.56942,0.08361
HTP,per_env,vit_b_16,224,3,00,1,0.57534,0.46889,0.70706
HTP,per_env,vit_b_16,224,3,00,2,0.57534,0.5745,0.71737
HTP,per_env,vit_b_16,224,3,00,3,0.57534,0.56797,0.67647
HTP,per_env,vit_b_16,224,3,00,4,0.49315,0.57066,0.6635
HTP,per_env,vit_b_16,224,3,00,5,0.47945,0.57296,0.6764
HTP,per_env,vit_b_16,224,3,00,6,0.54795,0.57028,0.65674
HTP,per_env,vit_b_16,224,3,00,7,0.46575,0.49846,0.68567
HTP,per_env,vit_b_16,224,3,00,8,0.45205,0.48579,0.67052
HTP,per_env,vit_b_16,224,3,00,9,0.57534,0.62519,0.70045
HTP,per_env,vit_b_16,224,3,00,10,0.52055,0.49424,0.64304
HTP,per_env,vit_b_16,224,3,00,11,0.54795,0.4639,0.64104
HTP,per_env,vit_b_16,224,3,00,12,0.57534,0.56567,0.64868
HTP,per_env,vit_b_16,224,3,00,13,0.57534,0.57066,0.67795
HTP,per_env,vit_b_16,224,3,00,14,0.57534,0.52611,0.67672
HTP,per_env,vit_b_16,224,3,00,15,0.47945,0.54071,0.65511
HTP,per_env,vit_b_16,224,3,00,16,0.57534,0.54301,0.65885
HTP,per_env,vit_b_16,224,3,00,17,0.57534,0.51306,0.61116
HTP,per_env,vit_b_16,224,3,00,18,0.58904,0.51382,0.64386
HTP,per_env,vit_b_16,224,3,00,19,0.60274,0.5553,0.63452
HTP,per_env,vit_b_16,224,3,00,20,0.60274,0.53072,0.6081
HTP,per_env,vit_b_16,224,3,00,21,0.52055,0.54992,0.57817
HTP,per_env,vit_b_16,224,3,00,22,0.57534,0.57143,0.62143
HTP,per_env,vit_b_16,224,3,00,23,0.50685,0.52919,0.58963
HTP,per_env,vit_b_16,224,3,00,24,0.49315,0.46352,0.61485
HTP,per_env,vit_b_16,224,3,00,25,0.52055,0.48464,0.61238
HTP,per_env,vit_b_16,224,3,00,26,0.42466,0.44931,0.59445
HTP,per_env,vit_b_16,224,3,00,27,0.57534,0.54839,0.5604
HTP,per_env,vit_b_16,224,3,00,28,0.57534,0.48041,0.67917
HTP,per_env,vit_b_16,224,3,00,29,0.57534,0.51651,0.67468
HTP,per_env,vit_b_16,224,3,00,30,0.57534,0.54186,0.66567
HTP,per_env,vit_b_16,224,3,00,31,0.57534,0.5457,0.65218
HTP,per_env,vit_b_16,224,3,00,32,0.56164,0.50269,0.62895
HTP,per_env,vit_b_16,224,3,00,33,0.45205,0.48618,0.55984
HTP,per_env,vit_b_16,224,3,00,34,0.58904,0.5073,0.5647
HTP,per_env,vit_b_16,224,3,00,35,0.58904,0.48694,0.609
HTP,per_env,vit_b_16,224,3,00,36,0.58904,0.60369,0.59928
HTP,per_env,vit_b_16,224,3,00,37,0.60274,0.55684,0.53352
HTP,per_env,vit_b_16,224,3,00,38,0.58904,0.5745,0.51078
HTP,per_env,vit_b_16,224,3,00,39,0.53425,0.50576,0.64321
HTP,per_env,vit_b_16,224,3,00,40,0.57534,0.55568,0.65908
HTP,per_env,vit_b_16,224,3,00,41,0.46575,0.56759,0.6514
HTP,per_env,vit_b_16,224,3,00,42,0.52055,0.5722,0.60075
HTP,per_env,vit_b_16,224,3,00,43,0.64384,0.75115,0.56402
HTP,per_env,vit_b_16,224,3,00,44,0.60274,0.64209,0.49365
HTP,per_env,vit_b_16,224,3,00,45,0.56164,0.63978,0.4577
HTP,per_env,vit_b_16,224,3,00,46,0.57534,0.63978,0.47344
HTP,per_env,vit_b_16,224,3,00,47,0.63014,0.67819,0.43853
HTP,per_env,vit_b_16,224,3,00,48,0.57534,0.62673,0.41983
HTP,per_env,vit_b_16,224,3,00,49,0.60274,0.64823,0.48606
HTP,per_env,vit_b_16,224,3,00,50,0.58904,0.64132,0.42896
HTP,per_env,vit_b_16,224,3,01,1,0.86667,0.95356,0.65451
HTP,per_env,vit_b_16,224,3,01,2,0.88571,0.95864,0.53317
HTP,per_env,vit_b_16,224,3,01,3,0.68571,0.94739,0.42436
HTP,per_env,vit_b_16,224,3,01,4,0.88571,0.96154,0.4445
HTP,per_env,vit_b_16,224,3,01,5,0.92381,0.97242,0.34119
HTP,per_env,vit_b_16,224,3,01,6,0.95238,0.9688,0.31703
HTP,per_env,vit_b_16,224,3,01,7,0.84762,0.95682,0.28597
HTP,per_env,vit_b_16,224,3,01,8,0.84762,0.97351,0.32592
HTP,per_env,vit_b_16,224,3,01,9,0.89524,0.96499,0.24914
HTP,per_env,vit_b_16,224,3,01,10,0.85714,0.94303,0.32968
HTP,per_env,vit_b_16,224,3,01,11,0.80952,0.95174,0.2272
HTP,per_env,vit_b_16,224,3,01,12,0.91429,0.94956,0.27724
HTP,per_env,vit_b_16,224,3,01,13,0.87619,0.92525,0.25203
HTP,per_env,vit_b_16,224,3,01,14,0.91429,0.95936,0.18866
HTP,per_env,vit_b_16,224,3,01,15,0.8381,0.94612,0.2009
HTP,per_env,vit_b_16,224,3,01,16,0.91429,0.96263,0.19598
HTP,per_env,vit_b_16,224,3,01,17,0.88571,0.95319,0.21213
HTP,per_env,vit_b_16,224,3,01,18,0.84762,0.959,0.20991
HTP,per_env,vit_b_16,224,3,01,19,0.80952,0.91727,0.24998
HTP,per_env,vit_b_16,224,3,01,20,0.90476,0.94485,0.22643
HTP,per_env,vit_b_16,224,3,01,21,0.86667,0.93396,0.30446
HTP,per_env,vit_b_16,224,3,01,22,0.85714,0.91292,0.24128
HTP,per_env,vit_b_16,224,3,01,23,0.89524,0.94303,0.2211
HTP,per_env,vit_b_16,224,3,01,24,0.92381,0.96589,0.1696
HTP,per_env,vit_b_16,224,3,01,25,0.8381,0.96154,0.14472
HTP,per_env,vit_b_16,224,3,01,26,0.87619,0.95464,0.18948
HTP,per_env,vit_b_16,224,3,01,27,0.91429,0.96009,0.1748
HTP,per_env,vit_b_16,224,3,01,28,0.77143,0.92689,0.17023
HTP,per_env,vit_b_16,224,3,01,29,0.88571,0.96045,0.18531
HTP,per_env,vit_b_16,224,3,01,30,0.86667,0.95392,0.19165
HTP,per_env,vit_b_16,224,3,01,31,0.86667,0.96589,0.16569
HTP,per_env,vit_b_16,224,3,01,32,0.87619,0.96734,0.1351
HTP,per_env,vit_b_16,224,3,01,33,0.75238,0.90276,0.21658
HTP,per_env,vit_b_16,224,3,01,34,0.93333,0.96444,0.19862
HTP,per_env,vit_b_16,224,3,01,35,0.87619,0.9394,0.12961
HTP,per_env,vit_b_16,224,3,01,36,0.88571,0.93868,0.14789
HTP,per_env,vit_b_16,224,3,01,37,0.93333,0.96843,0.14967
HTP,per_env,vit_b_16,224,3,01,38,0.82857,0.92707,0.16128
HTP,per_env,vit_b_16,224,3,01,39,0.78095,0.87591,0.23172
HTP,per_env,vit_b_16,224,3,01,40,0.91429,0.94194,0.18412
HTP,per_env,vit_b_16,224,3,01,41,0.90476,0.95682,0.14972
HTP,per_env,vit_b_16,224,3,01,42,0.87619,0.95065,0.12829
HTP,per_env,vit_b_16,224,3,01,43,0.90476,0.96299,0.15357
HTP,per_env,vit_b_16,224,3,01,44,0.88571,0.93723,0.24744
HTP,per_env,vit_b_16,224,3,01,45,0.87619,0.9619,0.13884
HTP,per_env,vit_b_16,224,3,01,46,0.92381,0.96553,0.14396
HTP,per_env,vit_b_16,224,3,01,47,0.88571,0.96517,0.1443
HTP,per_env,vit_b_16,224,3,01,48,0.86667,0.95464,0.13929
HTP,per_env,vit_b_16,224,3,01,49,0.8381,0.96517,0.10958
HTP,per_env,vit_b_16,224,3,01,50,0.91429,0.97424,0.08795
HTP,per_env,vit_b_16,224,3,02,1,0.57407,0.56942,0.74775
HTP,per_env,vit_b_16,224,3,02,2,0.53704,0.59187,0.67013
HTP,per_env,vit_b_16,224,3,02,3,0.55556,0.62553,0.62054
HTP,per_env,vit_b_16,224,3,02,4,0.59259,0.64376,0.57474
HTP,per_env,vit_b_16,224,3,02,5,0.61111,0.6676,0.51903
HTP,per_env,vit_b_16,224,3,02,6,0.57407,0.62412,0.49989
HTP,per_env,vit_b_16,224,3,02,7,0.62963,0.70827,0.46029
HTP,per_env,vit_b_16,224,3,02,8,0.57407,0.68583,0.4329
HTP,per_env,vit_b_16,224,3,02,9,0.57407,0.65498,0.37151
HTP,per_env,vit_b_16,224,3,02,10,0.62963,0.63815,0.36582
HTP,per_env,vit_b_16,224,3,02,11,0.57407,0.62412,0.36392
HTP,per_env,vit_b_16,224,3,02,12,0.64815,0.6136,0.22763
HTP,per_env,vit_b_16,224,3,02,13,0.57407,0.67181,0.27769
HTP,per_env,vit_b_16,224,3,02,14,0.53704,0.63815,0.3121
HTP,per_env,vit_b_16,224,3,02,15,0.59259,0.64937,0.26681
HTP,per_env,vit_b_16,224,3,02,16,0.57407,0.6101,0.25949
HTP,per_env,vit_b_16,224,3,02,17,0.53704,0.63114,0.2615
HTP,per_env,vit_b_16,224,3,02,18,0.62963,0.64937,0.22135
HTP,per_env,vit_b_16,224,3,02,19,0.61111,0.63955,0.19031
HTP,per_env,vit_b_16,224,3,02,20,0.57407,0.62833,0.28838
HTP,per_env,vit_b_16,224,3,02,21,0.57407,0.62272,0.16702
HTP,per_env,vit_b_16,224,3,02,22,0.61111,0.64095,0.23515
HTP,per_env,vit_b_16,224,3,02,23,0.61111,0.63955,0.20549
HTP,per_env,vit_b_16,224,3,02,24,0.62963,0.66059,0.2205
HTP,per_env,vit_b_16,224,3,02,25,0.55556,0.6648,0.16357
HTP,per_env,vit_b_16,224,3,02,26,0.66667,0.73212,0.17489
HTP,per_env,vit_b_16,224,3,02,27,0.61111,0.6676,0.22305
HTP,per_env,vit_b_16,224,3,02,28,0.64815,0.74755,0.20458
HTP,per_env,vit_b_16,224,3,02,29,0.61111,0.67321,0.18889
HTP,per_env,vit_b_16,224,3,02,30,0.57407,0.6662,0.26499
HTP,per_env,vit_b_16,224,3,02,31,0.59259,0.67321,0.14108
HTP,per_env,vit_b_16,224,3,02,32,0.62963,0.66339,0.18939
HTP,per_env,vit_b_16,224,3,02,33,0.59259,0.64516,0.18888
HTP,per_env,vit_b_16,224,3,02,34,0.53704,0.64937,0.16293
HTP,per_env,vit_b_16,224,3,02,35,0.55556,0.64516,0.16893
HTP,per_env,vit_b_16,224,3,02,36,0.59259,0.67882,0.14243
HTP,per_env,vit_b_16,224,3,02,37,0.62963,0.67041,0.22769
HTP,per_env,vit_b_16,224,3,02,38,0.59259,0.65638,0.26152
HTP,per_env,vit_b_16,224,3,02,39,0.55556,0.64516,0.19173
HTP,per_env,vit_b_16,224,3,02,40,0.57407,0.669,0.17114
HTP,per_env,vit_b_16,224,3,02,41,0.62963,0.6662,0.11557
HTP,per_env,vit_b_16,224,3,02,42,0.57407,0.62132,0.22642
HTP,per_env,vit_b_16,224,3,02,43,0.59259,0.64095,0.1931
HTP,per_env,vit_b_16,224,3,02,44,0.61111,0.68864,0.15742
HTP,per_env,vit_b_16,224,3,02,45,0.61111,0.67181,0.14862
HTP,per_env,vit_b_16,224,3,02,46,0.62963,0.65498,0.19109
HTP,per_env,vit_b_16,224,3,02,47,0.61111,0.68443,0.16663
HTP,per_env,vit_b_16,224,3,02,48,0.62963,0.67181,0.1686
HTP,per_env,vit_b_16,224,3,02,49,0.55556,0.66339,0.13912
HTP,per_env,vit_b_16,224,3,02,50,0.61111,0.63955,0.14763
HTP,per_env,vit_b_16,640,3,00,1,0.45205,0.48387,0.75229
HTP,per_env,vit_b_16,640,3,00,2,0.57534,0.50922,0.67128
HTP,per_env,vit_b_16,640,3,00,3,0.49315,0.52688,0.64073
HTP,per_env,vit_b_16,640,3,00,4,0.45205,0.52919,0.6504
HTP,per_env,vit_b_16,640,3,00,5,0.56164,0.59754,0.59916
HTP,per_env,vit_b_16,640,3,00,6,0.50685,0.60023,0.55711
HTP,per_env,vit_b_16,640,3,00,7,0.61644,0.6129,0.52323
HTP,per_env,vit_b_16,640,3,00,8,0.57534,0.62212,0.47354
HTP,per_env,vit_b_16,640,3,00,9,0.56164,0.59985,0.41872
HTP,per_env,vit_b_16,640,3,00,10,0.64384,0.63863,0.47046
HTP,per_env,vit_b_16,640,3,00,11,0.57534,0.64593,0.40046
HTP,per_env,vit_b_16,640,3,00,12,0.58904,0.65438,0.3998
HTP,per_env,vit_b_16,640,3,00,13,0.60274,0.65668,0.34679
HTP,per_env,vit_b_16,640,3,00,14,0.61644,0.61521,0.3065
HTP,per_env,vit_b_16,640,3,00,15,0.61644,0.64363,0.23765
HTP,per_env,vit_b_16,640,3,00,16,0.61644,0.67665,0.25824
HTP,per_env,vit_b_16,640,3,00,17,0.54795,0.61367,0.25437
HTP,per_env,vit_b_16,640,3,00,18,0.57534,0.6828,0.18135
HTP,per_env,vit_b_16,640,3,00,19,0.69863,0.67704,0.18104
HTP,per_env,vit_b_16,640,3,00,20,0.61644,0.66897,0.10652
HTP,per_env,vit_b_16,640,3,00,21,0.67123,0.73963,0.26816
HTP,per_env,vit_b_16,640,3,00,22,0.61644,0.67396,0.15966
HTP,per_env,vit_b_16,640,3,00,23,0.57534,0.63825,0.12922
HTP,per_env,vit_b_16,640,3,00,24,0.58904,0.63748,0.12702
HTP,per_env,vit_b_16,640,3,00,25,0.63014,0.64593,0.13173
HTP,per_env,vit_b_16,640,3,00,26,0.58904,0.61214,0.09259
HTP,per_env,vit_b_16,640,3,00,27,0.63014,0.64132,0.16835
HTP,per_env,vit_b_16,640,3,00,28,0.57534,0.60599,0.12416
HTP,per_env,vit_b_16,640,3,00,29,0.63014,0.61137,0.08145
HTP,per_env,vit_b_16,640,3,00,30,0.52055,0.62673,0.04601
HTP,per_env,vit_b_16,640,3,00,31,0.56164,0.63902,0.06881
HTP,per_env,vit_b_16,640,3,00,32,0.53425,0.61828,0.10153
HTP,per_env,vit_b_16,640,3,00,33,0.57534,0.59524,0.1482
HTP,per_env,vit_b_16,640,3,00,34,0.57534,0.61751,0.08266
HTP,per_env,vit_b_16,640,3,00,35,0.57534,0.56989,0.10363
HTP,per_env,vit_b_16,640,3,00,36,0.53425,0.58833,0.15371
HTP,per_env,vit_b_16,640,3,00,37,0.57534,0.68856,0.12624
HTP,per_env,vit_b_16,640,3,00,38,0.56164,0.57296,0.08806
HTP,per_env,vit_b_16,640,3,00,39,0.64384,0.65975,0.1283
HTP,per_env,vit_b_16,640,3,00,40,0.50685,0.57988,0.0819
HTP,per_env,vit_b_16,640,3,00,41,0.61644,0.64439,0.05607
HTP,per_env,vit_b_16,640,3,00,42,0.58904,0.65438,0.10777
HTP,per_env,vit_b_16,640,3,00,43,0.61644,0.63748,0.05255
HTP,per_env,vit_b_16,640,3,00,44,0.60274,0.61828,0.0149
HTP,per_env,vit_b_16,640,3,00,45,0.61644,0.63479,0.00693
HTP,per_env,vit_b_16,640,3,00,46,0.53425,0.61905,0.08249
HTP,per_env,vit_b_16,640,3,00,47,0.54795,0.59831,0.14749
HTP,per_env,vit_b_16,640,3,00,48,0.52055,0.57296,0.17252
HTP,per_env,vit_b_16,640,3,00,49,0.58904,0.62903,0.1038
HTP,per_env,vit_b_16,640,3,00,50,0.61644,0.61406,0.02463
HTP,per_env,vit_b_16,640,3,01,1,0.69524,0.91927,0.65036
HTP,per_env,vit_b_16,640,3,01,2,0.79048,0.91727,0.57494
HTP,per_env,vit_b_16,640,3,01,3,0.87619,0.95791,0.45061
HTP,per_env,vit_b_16,640,3,01,4,0.73333,0.93578,0.42075
HTP,per_env,vit_b_16,640,3,01,5,0.85714,0.9648,0.35867
HTP,per_env,vit_b_16,640,3,01,6,0.86667,0.95573,0.31663
HTP,per_env,vit_b_16,640,3,01,7,0.89524,0.95392,0.31745
HTP,per_env,vit_b_16,640,3,01,8,0.90476,0.94884,0.29949
HTP,per_env,vit_b_16,640,3,01,9,0.90476,0.98004,0.26283
HTP,per_env,vit_b_16,640,3,01,10,0.91429,0.97025,0.19847
HTP,per_env,vit_b_16,640,3,01,11,0.86667,0.96299,0.27924
HTP,per_env,vit_b_16,640,3,01,12,0.90476,0.95718,0.18485
HTP,per_env,vit_b_16,640,3,01,13,0.88571,0.96226,0.15964
HTP,per_env,vit_b_16,640,3,01,14,0.82857,0.95682,0.25169
HTP,per_env,vit_b_16,640,3,01,15,0.88571,0.95682,0.15886
HTP,per_env,vit_b_16,640,3,01,16,0.85714,0.96299,0.10349
HTP,per_env,vit_b_16,640,3,01,17,0.85714,0.9434,0.16295
HTP,per_env,vit_b_16,640,3,01,18,0.87619,0.9492,0.12524
HTP,per_env,vit_b_16,640,3,01,19,0.85714,0.95537,0.18794
HTP,per_env,vit_b_16,640,3,01,20,0.87619,0.9717,0.19969
HTP,per_env,vit_b_16,640,3,01,21,0.84762,0.95718,0.09435
HTP,per_env,vit_b_16,640,3,01,22,0.79048,0.90203,0.20152
HTP,per_env,vit_b_16,640,3,01,23,0.84762,0.95864,0.18295
HTP,per_env,vit_b_16,640,3,01,24,0.82857,0.95356,0.0803
HTP,per_env,vit_b_16,640,3,01,25,0.90476,0.96154,0.13182
HTP,per_env,vit_b_16,640,3,01,26,0.91429,0.97569,0.23099
HTP,per_env,vit_b_16,640,3,01,27,0.88571,0.97859,0.10337
HTP,per_env,vit_b_16,640,3,01,28,0.90476,0.96734,0.08753
HTP,per_env,vit_b_16,640,3,01,29,0.88571,0.94267,0.10052
HTP,per_env,vit_b_16,640,3,01,30,0.90476,0.97025,0.12629
HTP,per_env,vit_b_16,640,3,01,31,0.90476,0.97206,0.13919
HTP,per_env,vit_b_16,640,3,01,32,0.89524,0.98004,0.08412
HTP,per_env,vit_b_16,640,3,01,33,0.88571,0.97605,0.09655
HTP,per_env,vit_b_16,640,3,01,34,0.89524,0.95029,0.11814
HTP,per_env,vit_b_16,640,3,01,35,0.80952,0.95646,0.09677
HTP,per_env,vit_b_16,640,3,01,36,0.88571,0.96444,0.08964
HTP,per_env,vit_b_16,640,3,01,37,0.8381,0.95827,0.05027
HTP,per_env,vit_b_16,640,3,01,38,0.88571,0.96408,0.06317
HTP,per_env,vit_b_16,640,3,01,39,0.52381,0.77721,0.27042
HTP,per_env,vit_b_16,640,3,01,40,0.81905,0.93795,0.17118
HTP,per_env,vit_b_16,640,3,01,41,0.88571,0.94956,0.10206
HTP,per_env,vit_b_16,640,3,01,42,0.86667,0.96626,0.11323
HTP,per_env,vit_b_16,640,3,01,43,0.87619,0.95464,0.08253
HTP,per_env,vit_b_16,640,3,01,44,0.88571,0.94848,0.0748
HTP,per_env,vit_b_16,640,3,01,45,0.90476,0.95827,0.05333
HTP,per_env,vit_b_16,640,3,01,46,0.8381,0.94956,0.08246
HTP,per_env,vit_b_16,640,3,01,47,0.86667,0.94775,0.08412
HTP,per_env,vit_b_16,640,3,01,48,0.85714,0.93759,0.12798
HTP,per_env,vit_b_16,640,3,01,49,0.89524,0.96553,0.0613
HTP,per_env,vit_b_16,640,3,01,50,0.87619,0.95356,0.03879
HTP,per_env,vit_b_16,640,3,02,1,0.42593,0.56381,0.97955
HTP,per_env,vit_b_16,640,3,02,2,0.42593,0.58135,0.67132
HTP,per_env,vit_b_16,640,3,02,3,0.61111,0.59607,0.64852
HTP,per_env,vit_b_16,640,3,02,4,0.55556,0.58906,0.60628
HTP,per_env,vit_b_16,640,3,02,5,0.53704,0.554,0.60653
HTP,per_env,vit_b_16,640,3,02,6,0.5,0.59327,0.6137
HTP,per_env,vit_b_16,640,3,02,7,0.59259,0.58345,0.60912
HTP,per_env,vit_b_16,640,3,02,8,0.59259,0.65217,0.56067
HTP,per_env,vit_b_16,640,3,02,9,0.57407,0.6129,0.55588
HTP,per_env,vit_b_16,640,3,02,10,0.55556,0.65077,0.54256
HTP,per_env,vit_b_16,640,3,02,11,0.61111,0.58555,0.5537
HTP,per_env,vit_b_16,640,3,02,12,0.61111,0.68022,0.49013
HTP,per_env,vit_b_16,640,3,02,13,0.55556,0.60729,0.45481
HTP,per_env,vit_b_16,640,3,02,14,0.53704,0.68303,0.4479
HTP,per_env,vit_b_16,640,3,02,15,0.66667,0.66059,0.46776
HTP,per_env,vit_b_16,640,3,02,16,0.59259,0.67041,0.42818
HTP,per_env,vit_b_16,640,3,02,17,0.55556,0.65919,0.34048
HTP,per_env,vit_b_16,640,3,02,18,0.64815,0.69846,0.35017
HTP,per_env,vit_b_16,640,3,02,19,0.72222,0.74334,0.48904
HTP,per_env,vit_b_16,640,3,02,20,0.62963,0.69144,0.30183
HTP,per_env,vit_b_16,640,3,02,21,0.61111,0.6662,0.31123
HTP,per_env,vit_b_16,640,3,02,22,0.74074,0.75456,0.28316
HTP,per_env,vit_b_16,640,3,02,23,0.57407,0.69144,0.36182
HTP,per_env,vit_b_16,640,3,02,24,0.59259,0.68724,0.29421
HTP,per_env,vit_b_16,640,3,02,25,0.62963,0.63534,0.21808
HTP,per_env,vit_b_16,640,3,02,26,0.66667,0.71248,0.19295
HTP,per_env,vit_b_16,640,3,02,27,0.57407,0.64937,0.2703
HTP,per_env,vit_b_16,640,3,02,28,0.57407,0.64376,0.1911
HTP,per_env,vit_b_16,640,3,02,29,0.53704,0.63254,0.17717
HTP,per_env,vit_b_16,640,3,02,30,0.66667,0.72511,0.14155
HTP,per_env,vit_b_16,640,3,02,31,0.64815,0.65638,0.25477
HTP,per_env,vit_b_16,640,3,02,32,0.64815,0.67742,0.24004
HTP,per_env,vit_b_16,640,3,02,33,0.64815,0.71248,0.20343
HTP,per_env,vit_b_16,640,3,02,34,0.59259,0.72651,0.17298
HTP,per_env,vit_b_16,640,3,02,35,0.66667,0.70407,0.16887
HTP,per_env,vit_b_16,640,3,02,36,0.61111,0.67461,0.26804
HTP,per_env,vit_b_16,640,3,02,37,0.62963,0.69705,0.15357
HTP,per_env,vit_b_16,640,3,02,38,0.64815,0.73773,0.11265
HTP,per_env,vit_b_16,640,3,02,39,0.61111,0.70407,0.16313
HTP,per_env,vit_b_16,640,3,02,40,0.61111,0.64516,0.17302
HTP,per_env,vit_b_16,640,3,02,41,0.74074,0.73492,0.18298
HTP,per_env,vit_b_16,640,3,02,42,0.64815,0.72651,0.1128
HTP,per_env,vit_b_16,640,3,02,43,0.61111,0.69846,0.16621
HTP,per_env,vit_b_16,640,3,02,44,0.64815,0.7237,0.12957
HTP,per_env,vit_b_16,640,3,02,45,0.57407,0.69846,0.15484
HTP,per_env,vit_b_16,640,3,02,46,0.62963,0.69565,0.1462
HTP,per_env,vit_b_16,640,3,02,47,0.68519,0.73773,0.14069
HTP,per_env,vit_b_16,640,3,02,48,0.62963,0.7223,0.06073
HTP,per_env,vit_b_16,640,3,02,49,0.64815,0.68583,0.13
HTP,per_env,vit_b_16,640,3,02,50,0.64815,0.69425,0.19428
HTP,per_env,vit_b_16,224,4,00,1,0.57534,0.59601,0.7076
HTP,per_env,vit_b_16,224,4,00,2,0.57534,0.72197,0.68176
HTP,per_env,vit_b_16,224,4,00,3,0.53425,0.56144,0.682
HTP,per_env,vit_b_16,224,4,00,4,0.58904,0.68587,0.68037
HTP,per_env,vit_b_16,224,4,00,5,0.54795,0.59601,0.6638
HTP,per_env,vit_b_16,224,4,00,6,0.58904,0.58449,0.66531
HTP,per_env,vit_b_16,224,4,00,7,0.60274,0.63863,0.65927
HTP,per_env,vit_b_16,224,4,00,8,0.58904,0.56298,0.65784
HTP,per_env,vit_b_16,224,4,00,9,0.52055,0.63134,0.64682
HTP,per_env,vit_b_16,224,4,00,10,0.53425,0.53687,0.64576
HTP,per_env,vit_b_16,224,4,00,11,0.63014,0.61598,0.59619
HTP,per_env,vit_b_16,224,4,00,12,0.60274,0.67588,0.58783
HTP,per_env,vit_b_16,224,4,00,13,0.58904,0.65207,0.60112
HTP,per_env,vit_b_16,224,4,00,14,0.64384,0.69278,0.58092
HTP,per_env,vit_b_16,224,4,00,15,0.64384,0.67896,0.56177
HTP,per_env,vit_b_16,224,4,00,16,0.63014,0.68664,0.49623
HTP,per_env,vit_b_16,224,4,00,17,0.63014,0.68817,0.4967
HTP,per_env,vit_b_16,224,4,00,18,0.57534,0.58756,0.4685
HTP,per_env,vit_b_16,224,4,00,19,0.60274,0.62327,0.51919
HTP,per_env,vit_b_16,224,4,00,20,0.65753,0.69969,0.52508
HTP,per_env,vit_b_16,224,4,00,21,0.60274,0.6682,0.44782
HTP,per_env,vit_b_16,224,4,00,22,0.57534,0.59831,0.51304
HTP,per_env,vit_b_16,224,4,00,23,0.52055,0.55607,0.48277
HTP,per_env,vit_b_16,224,4,00,24,0.58904,0.69048,0.36045
HTP,per_env,vit_b_16,224,4,00,25,0.63014,0.68126,0.37831
HTP,per_env,vit_b_16,224,4,00,26,0.58904,0.69585,0.36789
HTP,per_env,vit_b_16,224,4,00,27,0.65753,0.64132,0.41559
HTP,per_env,vit_b_16,224,4,00,28,0.65753,0.66283,0.34343
HTP,per_env,vit_b_16,224,4,00,29,0.54795,0.59985,0.32757
HTP,per_env,vit_b_16,224,4,00,30,0.61644,0.65476,0.36673
HTP,per_env,vit_b_16,224,4,00,31,0.63014,0.68126,0.35783
HTP,per_env,vit_b_16,224,4,00,32,0.53425,0.60829,0.3119
HTP,per_env,vit_b_16,224,4,00,33,0.56164,0.61828,0.35016
HTP,per_env,vit_b_16,224,4,00,34,0.64384,0.61098,0.31094
HTP,per_env,vit_b_16,224,4,00,35,0.61644,0.67512,0.30754
HTP,per_env,vit_b_16,224,4,00,36,0.65753,0.649,0.32369
HTP,per_env,vit_b_16,224,4,00,37,0.65753,0.60522,0.29176
HTP,per_env,vit_b_16,224,4,00,38,0.60274,0.6467,0.27246
HTP,per_env,vit_b_16,224,4,00,39,0.61644,0.65822,0.30634
HTP,per_env,vit_b_16,224,4,00,40,0.69863,0.70123,0.28073
HTP,per_env,vit_b_16,224,4,00,41,0.61644,0.67435,0.28923
HTP,per_env,vit_b_16,224,4,00,42,0.56164,0.64977,0.2737
HTP,per_env,vit_b_16,224,4,00,43,0.68493,0.67972,0.21487
HTP,per_env,vit_b_16,224,4,00,44,0.65753,0.69739,0.19382
HTP,per_env,vit_b_16,224,4,00,45,0.63014,0.68894,0.20636
HTP,per_env,vit_b_16,224,4,00,46,0.54795,0.59831,0.23691
HTP,per_env,vit_b_16,224,4,00,47,0.60274,0.6129,0.24218
HTP,per_env,vit_b_16,224,4,00,48,0.65753,0.73118,0.2205
HTP,per_env,vit_b_16,224,4,00,49,0.61644,0.6682,0.18063
HTP,per_env,vit_b_16,224,4,00,50,0.60274,0.65899,0.24566
HTP,per_env,vit_b_16,224,4,01,1,0.49524,0.52268,0.72851
HTP,per_env,vit_b_16,224,4,01,2,0.50476,0.78247,0.69922
HTP,per_env,vit_b_16,224,4,01,3,0.49524,0.52195,0.68812
HTP,per_env,vit_b_16,224,4,01,4,0.50476,0.79354,0.69406
HTP,per_env,vit_b_16,224,4,01,5,0.49524,0.79699,0.69279
HTP,per_env,vit_b_16,224,4,01,6,0.50476,0.79064,0.68939
HTP,per_env,vit_b_16,224,4,01,7,0.50476,0.7939,0.68065
HTP,per_env,vit_b_16,224,4,01,8,0.50476,0.707,0.68375
HTP,per_env,vit_b_16,224,4,01,9,0.54286,0.76234,0.69095
HTP,per_env,vit_b_16,224,4,01,10,0.64762,0.75073,0.66215
HTP,per_env,vit_b_16,224,4,01,11,0.52381,0.80116,0.65129
HTP,per_env,vit_b_16,224,4,01,12,0.61905,0.69394,0.66236
HTP,per_env,vit_b_16,224,4,01,13,0.6381,0.69521,0.64508
HTP,per_env,vit_b_16,224,4,01,14,0.50476,0.6201,0.65161
HTP,per_env,vit_b_16,224,4,01,15,0.50476,0.59253,0.64531
HTP,per_env,vit_b_16,224,4,01,16,0.51429,0.46081,0.6865
HTP,per_env,vit_b_16,224,4,01,17,0.50476,0.69213,0.68859
HTP,per_env,vit_b_16,224,4,01,18,0.6,0.43687,0.66239
HTP,per_env,vit_b_16,224,4,01,19,0.59048,0.73041,0.66293
HTP,per_env,vit_b_16,224,4,01,20,0.62857,0.72678,0.65569
HTP,per_env,vit_b_16,224,4,01,21,0.59048,0.58073,0.64814
HTP,per_env,vit_b_16,224,4,01,22,0.65714,0.71226,0.64571
HTP,per_env,vit_b_16,224,4,01,23,0.72381,0.71099,0.6322
HTP,per_env,vit_b_16,224,4,01,24,0.70476,0.6709,0.62527
HTP,per_env,vit_b_16,224,4,01,25,0.62857,0.60269,0.61189
HTP,per_env,vit_b_16,224,4,01,26,0.68571,0.69503,0.62888
HTP,per_env,vit_b_16,224,4,01,27,0.71429,0.75581,0.62472
HTP,per_env,vit_b_16,224,4,01,28,0.61905,0.6533,0.63494
HTP,per_env,vit_b_16,224,4,01,29,0.53333,0.37264,0.62034
HTP,per_env,vit_b_16,224,4,01,30,0.6,0.53647,0.64747
HTP,per_env,vit_b_16,224,4,01,31,0.68571,0.74746,0.63504
HTP,per_env,vit_b_16,224,4,01,32,0.67619,0.63843,0.60453
HTP,per_env,vit_b_16,224,4,01,33,0.69524,0.7324,0.60231
HTP,per_env,vit_b_16,224,4,01,34,0.59048,0.52975,0.62044
HTP,per_env,vit_b_16,224,4,01,35,0.69524,0.72787,0.63159
HTP,per_env,vit_b_16,224,4,01,36,0.55238,0.49583,0.61136
HTP,per_env,vit_b_16,224,4,01,37,0.67619,0.72642,0.61919
HTP,per_env,vit_b_16,224,4,01,38,0.6381,0.70229,0.63581
HTP,per_env,vit_b_16,224,4,01,39,0.68571,0.74891,0.63859
HTP,per_env,vit_b_16,224,4,01,40,0.66667,0.74746,0.62705
HTP,per_env,vit_b_16,224,4,01,41,0.69524,0.73875,0.61829
HTP,per_env,vit_b_16,224,4,01,42,0.70476,0.73549,0.59741
HTP,per_env,vit_b_16,224,4,01,43,0.74286,0.79263,0.60627
HTP,per_env,vit_b_16,224,4,01,44,0.6381,0.73984,0.59252
HTP,per_env,vit_b_16,224,4,01,45,0.67619,0.73766,0.59923
HTP,per_env,vit_b_16,224,4,01,46,0.69524,0.72605,0.60657
HTP,per_env,vit_b_16,224,4,01,47,0.68571,0.76379,0.59697
HTP,per_env,vit_b_16,224,4,01,48,0.70476,0.75835,0.60042
HTP,per_env,vit_b_16,224,4,01,49,0.62857,0.73367,0.60938
HTP,per_env,vit_b_16,224,4,01,50,0.59048,0.45229,0.61206
HTP,per_env,vit_b_16,224,4,02,1,0.57407,0.49018,0.79651
HTP,per_env,vit_b_16,224,4,02,2,0.57407,0.53296,0.68459
HTP,per_env,vit_b_16,224,4,02,3,0.42593,0.47546,0.70777
HTP,per_env,vit_b_16,224,4,02,4,0.55556,0.56662,0.65755
HTP,per_env,vit_b_16,224,4,02,5,0.51852,0.50491,0.65023
HTP,per_env,vit_b_16,224,4,02,6,0.57407,0.53015,0.63416
HTP,per_env,vit_b_16,224,4,02,7,0.55556,0.53997,0.63961
HTP,per_env,vit_b_16,224,4,02,8,0.42593,0.52454,0.6262
HTP,per_env,vit_b_16,224,4,02,9,0.53704,0.58065,0.59105
HTP,per_env,vit_b_16,224,4,02,10,0.51852,0.54137,0.57501
HTP,per_env,vit_b_16,224,4,02,11,0.55556,0.56662,0.57827
HTP,per_env,vit_b_16,224,4,02,12,0.53704,0.51893,0.5776
HTP,per_env,vit_b_16,224,4,02,13,0.62963,0.6129,0.52147
HTP,per_env,vit_b_16,224,4,02,14,0.57407,0.58345,0.50032
HTP,per_env,vit_b_16,224,4,02,15,0.59259,0.64656,0.53886
HTP,per_env,vit_b_16,224,4,02,16,0.62963,0.69565,0.4644
HTP,per_env,vit_b_16,224,4,02,17,0.62963,0.68022,0.48678
HTP,per_env,vit_b_16,224,4,02,18,0.62963,0.68443,0.42446
HTP,per_env,vit_b_16,224,4,02,19,0.59259,0.70407,0.40389
HTP,per_env,vit_b_16,224,4,02,20,0.57407,0.65498,0.43303
HTP,per_env,vit_b_16,224,4,02,21,0.62963,0.69285,0.4594
HTP,per_env,vit_b_16,224,4,02,22,0.66667,0.73492,0.42093
HTP,per_env,vit_b_16,224,4,02,23,0.61111,0.70266,0.3427
HTP,per_env,vit_b_16,224,4,02,24,0.62963,0.64516,0.4017
HTP,per_env,vit_b_16,224,4,02,25,0.57407,0.64516,0.36673
HTP,per_env,vit_b_16,224,4,02,26,0.62963,0.63675,0.37695
HTP,per_env,vit_b_16,224,4,02,27,0.64815,0.70968,0.32149
HTP,per_env,vit_b_16,224,4,02,28,0.64815,0.76858,0.31705
HTP,per_env,vit_b_16,224,4,02,29,0.53704,0.6662,0.32052
HTP,per_env,vit_b_16,224,4,02,30,0.57407,0.68864,0.29862
HTP,per_env,vit_b_16,224,4,02,31,0.61111,0.69285,0.31488
HTP,per_env,vit_b_16,224,4,02,32,0.66667,0.74194,0.35598
HTP,per_env,vit_b_16,224,4,02,33,0.66667,0.71108,0.25679
HTP,per_env,vit_b_16,224,4,02,34,0.62963,0.69425,0.25288
HTP,per_env,vit_b_16,224,4,02,35,0.7037,0.69705,0.32298
HTP,per_env,vit_b_16,224,4,02,36,0.62963,0.69285,0.25386
HTP,per_env,vit_b_16,224,4,02,37,0.72222,0.73633,0.24105
HTP,per_env,vit_b_16,224,4,02,38,0.64815,0.74053,0.23894
HTP,per_env,vit_b_16,224,4,02,39,0.62963,0.7209,0.23683
HTP,per_env,vit_b_16,224,4,02,40,0.62963,0.7209,0.27238
HTP,per_env,vit_b_16,224,4,02,41,0.61111,0.71108,0.19626
HTP,per_env,vit_b_16,224,4,02,42,0.62963,0.71529,0.17735
HTP,per_env,vit_b_16,224,4,02,43,0.68519,0.74334,0.21646
HTP,per_env,vit_b_16,224,4,02,44,0.61111,0.69565,0.16973
HTP,per_env,vit_b_16,224,4,02,45,0.62963,0.70968,0.21477
HTP,per_env,vit_b_16,224,4,02,46,0.66667,0.71809,0.20165
HTP,per_env,vit_b_16,224,4,02,47,0.64815,0.73352,0.16374
HTP,per_env,vit_b_16,224,4,02,48,0.64815,0.75175,0.1424
HTP,per_env,vit_b_16,224,4,02,49,0.66667,0.75035,0.16867
HTP,per_env,vit_b_16,224,4,02,50,0.7037,0.7195,0.21206
HTP,per_env,vit_b_16,640,4,00,1,0.57534,0.5818,0.7841
HTP,per_env,vit_b_16,640,4,00,2,0.57534,0.6298,0.692
HTP,per_env,vit_b_16,640,4,00,3,0.56164,0.62404,0.66747
HTP,per_env,vit_b_16,640,4,00,4,0.57534,0.69009,0.65349
HTP,per_env,vit_b_16,640,4,00,5,0.68493,0.69355,0.63842
HTP,per_env,vit_b_16,640,4,00,6,0.58904,0.5937,0.65893
HTP,per_env,vit_b_16,640,4,00,7,0.57534,0.58756,0.59108
HTP,per_env,vit_b_16,640,4,00,8,0.54795,0.58833,0.61274
HTP,per_env,vit_b_16,640,4,00,9,0.65753,0.74194,0.65227
HTP,per_env,vit_b_16,640,4,00,10,0.58904,0.70968,0.6085
HTP,per_env,vit_b_16,640,4,00,11,0.65753,0.71313,0.596
HTP,per_env,vit_b_16,640,4,00,12,0.63014,0.72043,0.57783
HTP,per_env,vit_b_16,640,4,00,13,0.56164,0.56989,0.5709
HTP,per_env,vit_b_16,640,4,00,14,0.60274,0.58487,0.49942
HTP,per_env,vit_b_16,640,4,00,15,0.58904,0.65323,0.46903
HTP,per_env,vit_b_16,640,4,00,16,0.57534,0.62327,0.49393
HTP,per_env,vit_b_16,640,4,00,17,0.42466,0.57373,0.52921
HTP,per_env,vit_b_16,640,4,00,18,0.63014,0.65284,0.6127
HTP,per_env,vit_b_16,640,4,00,19,0.57534,0.65054,0.50357
HTP,per_env,vit_b_16,640,4,00,20,0.57534,0.64439,0.47896
HTP,per_env,vit_b_16,640,4,00,21,0.56164,0.6106,0.42953
HTP,per_env,vit_b_16,640,4,00,22,0.57534,0.52304,0.44656
HTP,per_env,vit_b_16,640,4,00,23,0.53425,0.59293,0.47463
HTP,per_env,vit_b_16,640,4,00,24,0.60274,0.64747,0.40676
HTP,per_env,vit_b_16,640,4,00,25,0.53425,0.61598,0.39824
HTP,per_env,vit_b_16,640,4,00,26,0.58904,0.6129,0.39602
HTP,per_env,vit_b_16,640,4,00,27,0.58904,0.63786,0.40167
HTP,per_env,vit_b_16,640,4,00,28,0.64384,0.66129,0.36016
HTP,per_env,vit_b_16,640,4,00,29,0.53425,0.60599,0.33263
HTP,per_env,vit_b_16,640,4,00,30,0.53425,0.61367,0.32717
HTP,per_env,vit_b_16,640,4,00,31,0.56164,0.60445,0.36471
HTP,per_env,vit_b_16,640,4,00,32,0.60274,0.63825,0.35078
HTP,per_env,vit_b_16,640,4,00,33,0.58904,0.65668,0.28005
HTP,per_env,vit_b_16,640,4,00,34,0.57534,0.66283,0.35925
HTP,per_env,vit_b_16,640,4,00,35,0.53425,0.55146,0.27687
HTP,per_env,vit_b_16,640,4,00,36,0.49315,0.5384,0.2337
HTP,per_env,vit_b_16,640,4,00,37,0.52055,0.53725,0.36422
HTP,per_env,vit_b_16,640,4,00,38,0.50685,0.53303,0.37179
HTP,per_env,vit_b_16,640,4,00,39,0.56164,0.55031,0.22794
HTP,per_env,vit_b_16,640,4,00,40,0.54795,0.54916,0.25346
HTP,per_env,vit_b_16,640,4,00,41,0.58904,0.60138,0.19393
HTP,per_env,vit_b_16,640,4,00,42,0.65753,0.69662,0.23448
HTP,per_env,vit_b_16,640,4,00,43,0.49315,0.56989,0.28564
HTP,per_env,vit_b_16,640,4,00,44,0.65753,0.65054,0.24817
HTP,per_env,vit_b_16,640,4,00,45,0.60274,0.61214,0.25012
HTP,per_env,vit_b_16,640,4,00,46,0.63014,0.64747,0.23213
HTP,per_env,vit_b_16,640,4,00,47,0.57534,0.60061,0.29102
HTP,per_env,vit_b_16,640,4,00,48,0.57534,0.56298,0.19361
HTP,per_env,vit_b_16,640,4,00,49,0.54795,0.54071,0.21736
HTP,per_env,vit_b_16,640,4,00,50,0.52055,0.53149,0.17331
HTP,per_env,vit_b_16,640,4,01,1,0.72381,0.79608,0.70496
HTP,per_env,vit_b_16,640,4,01,2,0.8381,0.92271,0.48829
HTP,per_env,vit_b_16,640,4,01,3,0.75238,0.86538,0.48312
HTP,per_env,vit_b_16,640,4,01,4,0.85714,0.94702,0.41446
HTP,per_env,vit_b_16,640,4,01,5,0.80952,0.93142,0.32725
HTP,per_env,vit_b_16,640,4,01,6,0.62857,0.9434,0.28011
HTP,per_env,vit_b_16,640,4,01,7,0.84762,0.91582,0.25296
HTP,per_env,vit_b_16,640,4,01,8,0.7619,0.92108,0.26769
HTP,per_env,vit_b_16,640,4,01,9,0.8381,0.95773,0.30803
HTP,per_env,vit_b_16,640,4,01,10,0.91429,0.95464,0.24366
HTP,per_env,vit_b_16,640,4,01,11,0.87619,0.95537,0.21432
HTP,per_env,vit_b_16,640,4,01,12,0.8381,0.93795,0.15907
HTP,per_env,vit_b_16,640,4,01,13,0.86667,0.92743,0.18534
HTP,per_env,vit_b_16,640,4,01,14,0.86667,0.92671,0.18553
HTP,per_env,vit_b_16,640,4,01,15,0.88571,0.95392,0.1731
HTP,per_env,vit_b_16,640,4,01,16,0.89524,0.96988,0.13685
HTP,per_env,vit_b_16,640,4,01,17,0.79048,0.9521,0.11754
HTP,per_env,vit_b_16,640,4,01,18,0.84762,0.92888,0.16771
HTP,per_env,vit_b_16,640,4,01,19,0.81905,0.92054,0.14066
HTP,per_env,vit_b_16,640,4,01,20,0.8381,0.94993,0.1217
HTP,per_env,vit_b_16,640,4,01,21,0.84762,0.94303,0.10318
HTP,per_env,vit_b_16,640,4,01,22,0.87619,0.95319,0.16067
HTP,per_env,vit_b_16,640,4,01,23,0.86667,0.95464,0.09331
HTP,per_env,vit_b_16,640,4,01,24,0.86667,0.94739,0.09841
HTP,per_env,vit_b_16,640,4,01,25,0.80952,0.94956,0.05966
HTP,per_env,vit_b_16,640,4,01,26,0.82857,0.95265,0.10932
HTP,per_env,vit_b_16,640,4,01,27,0.85714,0.93215,0.10186
HTP,per_env,vit_b_16,640,4,01,28,0.80952,0.90675,0.09308
HTP,per_env,vit_b_16,640,4,01,29,0.81905,0.93977,0.17096
HTP,per_env,vit_b_16,640,4,01,30,0.85714,0.92961,0.07891
HTP,per_env,vit_b_16,640,4,01,31,0.86667,0.92852,0.06838
HTP,per_env,vit_b_16,640,4,01,32,0.78095,0.93578,0.08579
HTP,per_env,vit_b_16,640,4,01,33,0.77143,0.90675,0.07826
HTP,per_env,vit_b_16,640,4,01,34,0.75238,0.91727,0.11009
HTP,per_env,vit_b_16,640,4,01,35,0.80952,0.92997,0.09377
HTP,per_env,vit_b_16,640,4,01,36,0.82857,0.89423,0.10795
HTP,per_env,vit_b_16,640,4,01,37,0.84762,0.91836,0.15526
HTP,per_env,vit_b_16,640,4,01,38,0.85714,0.95682,0.11962
HTP,per_env,vit_b_16,640,4,01,39,0.84762,0.95501,0.04246
HTP,per_env,vit_b_16,640,4,01,40,0.90476,0.95319,0.0424
HTP,per_env,vit_b_16,640,4,01,41,0.81905,0.8955,0.06892
HTP,per_env,vit_b_16,640,4,01,42,0.85714,0.93215,0.06771
HTP,per_env,vit_b_16,640,4,01,43,0.79048,0.94303,0.05814
HTP,per_env,vit_b_16,640,4,01,44,0.82857,0.92743,0.09442
HTP,per_env,vit_b_16,640,4,01,45,0.80952,0.9053,0.08199
HTP,per_env,vit_b_16,640,4,01,46,0.8381,0.94194,0.04852
HTP,per_env,vit_b_16,640,4,01,47,0.82857,0.91981,0.13199
HTP,per_env,vit_b_16,640,4,01,48,0.85714,0.94231,0.04019
HTP,per_env,vit_b_16,640,4,01,49,0.84762,0.93052,0.06545
HTP,per_env,vit_b_16,640,4,01,50,0.7619,0.9336,0.11255
HTP,per_env,vit_b_16,640,4,02,1,0.5,0.56241,1.08553
HTP,per_env,vit_b_16,640,4,02,2,0.5,0.49088,0.71573
HTP,per_env,vit_b_16,640,4,02,3,0.57407,0.52735,0.65326
HTP,per_env,vit_b_16,640,4,02,4,0.57407,0.554,0.65813
HTP,per_env,vit_b_16,640,4,02,5,0.59259,0.54558,0.68715
HTP,per_env,vit_b_16,640,4,02,6,0.48148,0.53717,0.62322
HTP,per_env,vit_b_16,640,4,02,7,0.55556,0.56241,0.6489
HTP,per_env,vit_b_16,640,4,02,8,0.44444,0.52735,0.61715
HTP,per_env,vit_b_16,640,4,02,9,0.51852,0.60589,0.61906
HTP,per_env,vit_b_16,640,4,02,10,0.57407,0.62903,0.58459
HTP,per_env,vit_b_16,640,4,02,11,0.59259,0.64236,0.60008
HTP,per_env,vit_b_16,640,4,02,12,0.55556,0.60028,0.57008
HTP,per_env,vit_b_16,640,4,02,13,0.51852,0.60449,0.56038
HTP,per_env,vit_b_16,640,4,02,14,0.51852,0.54839,0.55001
HTP,per_env,vit_b_16,640,4,02,15,0.59259,0.63534,0.48078
HTP,per_env,vit_b_16,640,4,02,16,0.61111,0.67602,0.51675
HTP,per_env,vit_b_16,640,4,02,17,0.53704,0.57504,0.57385
HTP,per_env,vit_b_16,640,4,02,18,0.61111,0.66059,0.50679
HTP,per_env,vit_b_16,640,4,02,19,0.55556,0.62412,0.43071
HTP,per_env,vit_b_16,640,4,02,20,0.57407,0.63675,0.51552
HTP,per_env,vit_b_16,640,4,02,21,0.59259,0.67602,0.5154
HTP,per_env,vit_b_16,640,4,02,22,0.55556,0.63114,0.4361
HTP,per_env,vit_b_16,640,4,02,23,0.66667,0.71669,0.4154
HTP,per_env,vit_b_16,640,4,02,24,0.59259,0.68022,0.37379
HTP,per_env,vit_b_16,640,4,02,25,0.53704,0.65778,0.42621
HTP,per_env,vit_b_16,640,4,02,26,0.59259,0.65217,0.3593
HTP,per_env,vit_b_16,640,4,02,27,0.59259,0.66059,0.39032
HTP,per_env,vit_b_16,640,4,02,28,0.62963,0.67882,0.36298
HTP,per_env,vit_b_16,640,4,02,29,0.57407,0.65778,0.37428
HTP,per_env,vit_b_16,640,4,02,30,0.59259,0.6648,0.31495
HTP,per_env,vit_b_16,640,4,02,31,0.62963,0.63955,0.2617
HTP,per_env,vit_b_16,640,4,02,32,0.53704,0.76438,0.32347
HTP,per_env,vit_b_16,640,4,02,33,0.62963,0.65077,0.43492
HTP,per_env,vit_b_16,640,4,02,34,0.57407,0.65778,0.3011
HTP,per_env,vit_b_16,640,4,02,35,0.57407,0.64236,0.32398
HTP,per_env,vit_b_16,640,4,02,36,0.66667,0.72931,0.27486
HTP,per_env,vit_b_16,640,4,02,37,0.61111,0.69565,0.31443
HTP,per_env,vit_b_16,640,4,02,38,0.7037,0.76297,0.21526
HTP,per_env,vit_b_16,640,4,02,39,0.72222,0.7777,0.19498
HTP,per_env,vit_b_16,640,4,02,40,0.68519,0.74614,0.32218
HTP,per_env,vit_b_16,640,4,02,41,0.66667,0.76438,0.2134
HTP,per_env,vit_b_16,640,4,02,42,0.74074,0.78822,0.19329
HTP,per_env,vit_b_16,640,4,02,43,0.64815,0.75035,0.20473
HTP,per_env,vit_b_16,640,4,02,44,0.68519,0.78261,0.19017
HTP,per_env,vit_b_16,640,4,02,45,0.61111,0.69986,0.15569
HTP,per_env,vit_b_16,640,4,02,46,0.61111,0.69144,0.22035
HTP,per_env,vit_b_16,640,4,02,47,0.62963,0.69425,0.23537
HTP,per_env,vit_b_16,640,4,02,48,0.64815,0.67181,0.25802
HTP,per_env,vit_b_16,640,4,02,49,0.62963,0.73633,0.17635
HTP,per_env,vit_b_16,640,4,02,50,0.61111,0.74334,0.22628
